departement,annee,population
01,1975,752579
01,1976,762677
01,1977,774439
01,1978,785985
01,1979,796711
01,1980,808303
01,1981,821220
01,1982,834669
01,1983,845508
01,1984,859981
01,1985,871281
01,1986,884909
01,1987,898643
01,1988,912589
01,1989,925596
01,1990,941324
01,1991,953986
01,1992,965136
01,1993,976510
01,1994,982293
01,1995,990277
01,1996,998643
01,1997,1008425
01,1998,1019064
01,1999,1028686
01,2000,1042230
01,2001,1056414
01,2002,1071256
01,2003,1086296
01,2004,1101902
01,2005,1117960
01,2006,1133504
01,2007,1148778
01,2008,1162735
01,2009,1177731
01,2010,1194707
01,2011,1207679
01,2012,1224408
01,2013,1239021
01,2014,1252282
01,2015,1263783
01,2016,1276880
01,2017,1286732
01,2018,1295299
01,2019,1304896
01,2020,1315745
01,2021,1326437
01,2022,1342611
01,2023,1358724
01,2024,1371768
01,2025,1384367
01,2026,1397657
02,1975,1068904
02,1976,1068566
02,1977,1067896
02,1978,1067864
02,1979,1066817
02,1980,1066427
02,1981,1067969
02,1982,1068994
02,1983,1069966
02,1984,1071752
02,1985,1069635
02,1986,1072704
02,1987,1073194
02,1988,1073772
02,1989,1074415
02,1990,1073816
02,1991,1074550
02,1992,1075535
02,1993,1076463
02,1994,1075877
02,1995,1076674
02,1996,1076061
02,1997,1075529
02,1998,1073286
02,1999,1072390
02,2000,1072548
02,2001,1073281
02,2002,1073597
02,2003,1073331
02,2004,1072957
02,2005,1073625
02,2006,1074151
02,2007,1075668
02,2008,1077608
02,2009,1079768
02,2010,1081044
02,2011,1082632
02,2012,1081805
02,2013,1080164
02,2014,1079598
02,2015,1077351
02,2016,1072306
02,2017,1069015
02,2018,1066669
02,2019,1062728
02,2020,1058787
02,2021,1054975
02,2022,1051156
02,2023,1046724
02,2024,1042196
02,2025,1037208
02,2026,1032028
03,1975,758378
03,1976,755325
03,1977,752331
03,1978,749651
03,1979,747099
03,1980,744540
03,1981,742621
03,1982,740212
03,1983,737825
03,1984,735502
03,1985,734927
03,1986,731596
03,1987,728374
03,1988,722243
03,1989,719400
03,1990,715938
03,1991,712899
03,1992,710425
03,1993,707684
03,1994,704918
03,1995,702153
03,1996,698790
03,1997,696439
03,1998,693319
03,1999,690184
03,2000,689460
03,2001,689143
03,2002,688751
03,2003,688051
03,2004,687135
03,2005,687158
03,2006,686659
03,2007,686269
03,2008,685655
03,2009,686133
03,2010,685857
03,2011,685499
03,2012,685865
03,2013,686906
03,2014,686169
03,2015,683273
03,2016,678817
03,2017,676026
03,2018,674394
03,2019,672003
03,2020,671311
03,2021,669799
03,2022,669485
03,2023,666652
03,2024,664499
03,2025,662476
03,2026,660620
04,1975,224367
04,1976,225981
04,1977,227921
04,1978,229886
04,1979,231594
04,1980,233572
04,1981,235713
04,1982,237900
04,1983,240173
04,1984,242929
04,1985,246426
04,1986,250565
04,1987,254081
04,1988,255185
04,1989,258348
04,1990,261852
04,1991,263745
04,1992,265509
04,1993,268112
04,1994,270464
04,1995,272816
04,1996,274939
04,1997,276780
04,1998,278942
04,1999,279065
04,2000,282943
04,2001,287184
04,2002,291536
04,2003,295976
04,2004,300138
04,2005,304789
04,2006,309039
04,2007,312171
04,2008,315967
04,2009,318938
04,2010,320336
04,2011,321957
04,2012,322522
04,2013,323874
04,2014,323220
04,2015,323643
04,2016,325177
04,2017,327878
04,2018,328185
04,2019,328666
04,2020,330953
04,2021,332205
04,2022,334410
04,2023,336161
04,2024,337724
04,2025,339181
04,2026,340933
05,1975,194841
05,1976,196725
05,1977,198893
05,1978,201172
05,1979,203356
05,1980,205504
05,1981,207905
05,1982,210299
05,1983,211270
05,1984,214402
05,1985,215899
05,1986,218690
05,1987,220806
05,1988,222267
05,1989,224303
05,1990,226558
05,1991,228414
05,1992,229863
05,1993,230781
05,1994,233408
05,1995,235090
05,1996,237083
05,1997,238897
05,1998,241975
05,1999,242708
05,2000,245116
05,2001,247778
05,2002,250607
05,2003,253475
05,2004,256167
05,2005,258939
05,2006,261537
05,2007,264997
05,2008,268444
05,2009,271706
05,2010,273977
05,2011,277245
05,2012,279144
05,2013,278595
05,2014,279805
05,2015,281872
05,2016,282255
05,2017,282611
05,2018,281440
05,2019,282486
05,2020,281257
05,2021,282001
05,2022,283404
05,2023,286985
05,2024,288579
05,2025,290235
05,2026,291833
06,1975,1631713
06,1976,1647110
06,1977,1665260
06,1978,1683793
06,1979,1701253
06,1980,1720227
06,1981,1740229
06,1982,1761666
06,1983,1786258
06,1984,1802259
06,1985,1817373
06,1986,1844677
06,1987,1871253
06,1988,1893740
06,1989,1916918
06,1990,1944796
06,1991,1962698
06,1992,1978539
06,1993,1987427
06,1994,1997595
06,1995,1997441
06,1996,2000346
06,1997,2004758
06,1998,2012602
06,1999,2021326
06,2000,2035950
06,2001,2052948
06,2002,2070580
06,2003,2088896
06,2004,2106402
06,2005,2127038
06,2006,2146406
06,2007,2164968
06,2008,2168894
06,2009,2158238
06,2010,2157497
06,2011,2162527
06,2012,2164067
06,2013,2161582
06,2014,2166666
06,2015,2164922
06,2016,2167451
06,2017,2166664
06,2018,2172483
06,2019,2188611
06,2020,2194866
06,2021,2207928
06,2022,2229204
06,2023,2256884
06,2024,2274163
06,2025,2291067
06,2026,2309287
07,1975,514870
07,1976,517152
07,1977,519984
07,1978,522912
07,1979,525749
07,1980,528685
07,1981,532134
07,1982,535968
07,1983,540274
07,1984,543587
07,1985,546040
07,1986,548641
07,1987,551489
07,1988,552686
07,1989,553350
07,1990,555333
07,1991,557407
07,1992,558908
07,1993,560558
07,1994,561826
07,1995,563007
07,1996,565709
07,1997,567656
07,1998,570396
07,1999,571813
07,2000,576807
07,2001,582193
07,2002,587879
07,2003,593955
07,2004,600077
07,2005,606270
07,2006,612512
07,2007,618948
07,2008,622940
07,2009,627192
07,2010,630216
07,2011,634591
07,2012,636852
07,2013,640797
07,2014,644803
07,2015,648460
07,2016,650357
07,2017,651470
07,2018,653258
07,2019,656603
07,2020,658699
07,2021,662879
07,2022,666507
07,2023,668513
07,2024,671275
07,2025,673570
07,2026,676362
08,1975,619632
08,1976,617014
08,1977,614962
08,1978,613373
08,1979,610729
08,1980,608569
08,1981,606974
08,1982,605595
08,1983,604074
08,1984,602929
08,1985,602218
08,1986,601935
08,1987,599407
08,1988,597010
08,1989,595538
08,1990,592323
08,1991,591375
08,1992,589274
08,1993,589232
08,1994,588545
08,1995,586761
08,1996,585670
08,1997,584377
08,1998,582685
08,1999,580932
08,2000,579246
08,2001,578110
08,2002,577069
08,2003,575669
08,2004,574301
08,2005,572879
08,2006,571336
08,2007,569527
08,2008,568423
08,2009,566621
08,2010,566529
08,2011,566249
08,2012,565586
08,2013,561845
08,2014,559462
08,2015,555538
08,2016,550778
08,2017,547194
08,2018,543728
08,2019,541203
08,2020,539442
08,2021,537760
08,2022,534450
08,2023,531828
08,2024,528856
08,2025,526030
08,2026,522886
09,1975,276227
09,1976,275131
09,1977,274523
09,1978,273838
09,1979,273112
09,1980,272348
09,1981,272023
09,1982,271507
09,1983,272950
09,1984,273649
09,1985,273918
09,1986,273389
09,1987,272959
09,1988,272546
09,1989,272956
09,1990,273401
09,1991,273583
09,1992,273779
09,1993,273304
09,1994,273266
09,1995,273033
09,1996,272479
09,1997,273130
09,1998,273506
09,1999,274444
09,2000,276440
09,2001,278818
09,2002,281404
09,2003,284128
09,2004,286783
09,2005,289817
09,2006,292618
09,2007,297176
09,2008,300441
09,2009,302274
09,2010,304115
09,2011,304612
09,2012,304773
09,2013,305410
09,2014,305191
09,2015,305042
09,2016,306180
09,2017,306354
09,2018,306180
09,2019,306624
09,2020,307959
09,2021,309243
09,2022,310729
09,2023,311497
09,2024,312370
09,2025,313227
09,2026,314358
10,1975,570152
10,1976,571406
10,1977,572446
10,1978,573496
10,1979,574504
10,1980,575762
10,1981,577369
10,1982,578984
10,1983,578281
10,1984,582485
10,1985,581728
10,1986,582117
10,1987,581589
10,1988,578763
10,1989,578834
10,1990,578302
10,1991,580262
10,1992,581489
10,1993,582745
10,1994,583963
10,1995,585177
10,1996,584790
10,1997,585452
10,1998,585381
10,1999,584663
10,2000,586399
10,2001,588650
10,2002,590868
10,2003,592618
10,2004,594338
10,2005,596997
10,2006,599438
10,2007,601710
10,2008,602684
10,2009,606627
10,2010,606685
10,2011,608025
10,2012,611245
10,2013,613196
10,2014,616223
10,2015,618148
10,2016,617857
10,2017,620079
10,2018,620079
10,2019,620524
10,2020,622911
10,2021,622700
10,2022,622194
10,2023,620937
10,2024,619530
10,2025,617512
10,2026,615936
11,1975,545868
11,1976,547481
11,1977,549254
11,1978,551605
11,1979,553195
11,1980,555543
11,1981,558420
11,1982,561218
11,1983,566401
11,1984,570028
11,1985,572477
11,1986,575228
11,1987,578207
11,1988,587087
11,1989,591865
11,1990,597870
11,1991,601266
11,1992,602127
11,1993,603423
11,1994,605176
11,1995,606846
11,1996,609099
11,1997,611248
11,1998,616290
11,1999,618966
11,2000,626722
11,2001,635138
11,2002,643984
11,2003,653021
11,2004,662573
11,2005,672513
11,2006,682082
11,2007,691596
11,2008,698512
11,2009,707999
11,2010,712972
11,2011,719973
11,2012,724718
11,2013,729796
11,2014,730999
11,2015,733959
11,2016,736096
11,2017,740568
11,2018,745660
11,2019,748190
11,2020,750485
11,2021,752108
11,2022,755598
11,2023,759350
11,2024,761365
11,2025,762728
11,2026,763715
12,1975,557723
12,1976,557373
12,1977,557204
12,1978,557224
12,1979,557043
12,1980,556968
12,1981,557495
12,1982,557768
12,1983,557131
12,1984,556852
12,1985,555987
12,1986,552458
12,1987,547386
12,1988,545235
12,1989,543208
12,1990,540853
12,1991,538265
12,1992,537108
12,1993,535495
12,1994,534089
12,1995,532986
12,1996,531024
12,1997,530095
12,1998,528880
12,1999,528138
12,2000,530173
12,2001,532781
12,2002,535575
12,2003,538271
12,2004,540593
12,2005,544002
12,2006,546797
12,2007,548893
12,2008,551821
12,2009,554139
12,2010,553653
12,2011,551669
12,2012,552502
12,2013,555526
12,2014,557335
12,2015,558386
12,2016,557443
12,2017,558463
12,2018,558600
12,2019,559243
12,2020,559162
12,2021,559352
12,2022,559526
12,2023,559273
12,2024,558423
12,2025,557438
12,2026,556824
13,1975,3263987
13,1976,3287635
13,1977,3312427
13,1978,3339058
13,1979,3364320
13,1980,3390904
13,1981,3420412
13,1982,3449417
13,1983,3458695
13,1984,3465632
13,1985,3471548
13,1986,3474511
13,1987,3484507
13,1988,3501557
13,1989,3510600
13,1990,3516152
13,1991,3536132
13,1992,3554727
13,1993,3576075
13,1994,3588469
13,1995,3604430
13,1996,3618478
13,1997,3630568
13,1998,3648807
13,1999,3667991
13,2000,3693783
13,2001,3721924
13,2002,3752648
13,2003,3782716
13,2004,3811406
13,2005,3843670
13,2006,3874839
13,2007,3917881
13,2008,3932039
13,2009,3934627
13,2010,3944066
13,2011,3951822
13,2012,3969599
13,2013,3986386
13,2014,4012171
13,2015,4033277
13,2016,4039468
13,2017,4048360
13,2018,4068750
13,2019,4086257
13,2020,4096178
13,2021,4113924
13,2022,4139660
13,2023,4175356
13,2024,4197001
13,2025,4217966
13,2026,4238776
14,1975,1121777
14,1976,1129010
14,1977,1136638
14,1978,1144612
14,1979,1152154
14,1980,1160354
14,1981,1169698
14,1982,1178545
14,1983,1190638
14,1984,1199548
14,1985,1206464
14,1986,1211364
14,1987,1215693
14,1988,1222889
14,1989,1229852
14,1990,1236256
14,1991,1243583
14,1992,1250181
14,1993,1257397
14,1994,1262388
14,1995,1267500
14,1996,1275363
14,1997,1283761
14,1998,1289052
14,1999,1295928
14,2000,1302413
14,2001,1309395
14,2002,1316405
14,2003,1323024
14,2004,1329566
14,2005,1336448
14,2006,1342730
14,2007,1347362
14,2008,1356440
14,2009,1361845
14,2010,1366239
14,2011,1370553
14,2012,1375738
14,2013,1379922
14,2014,1383373
14,2015,1387193
14,2016,1387394
14,2017,1388042
14,2018,1388151
14,2019,1389850
14,2020,1395135
14,2021,1401308
14,2022,1409252
14,2023,1418926
14,2024,1425570
14,2025,1431007
14,2026,1437096
15,1975,333686
15,1976,332644
15,1977,331351
15,1978,330647
15,1979,329301
15,1980,328320
15,1981,327245
15,1982,326370
15,1983,324409
15,1984,323140
15,1985,321990
15,1986,321308
15,1987,320807
15,1988,320160
15,1989,318948
15,1990,317713
15,1991,316643
15,1992,314474
15,1993,312933
15,1994,311183
15,1995,309296
15,1996,307591
15,1997,305518
15,1998,303720
15,1999,301993
15,2000,301320
15,2001,300954
15,2002,300402
15,2003,300277
15,2004,299929
15,2005,299701
15,2006,299405
15,2007,298156
15,2008,297515
15,2009,296802
15,2010,296366
15,2011,295196
15,2012,294874
15,2013,294115
15,2014,293282
15,2015,292486
15,2016,291987
15,2017,290337
15,2018,289582
15,2019,289437
15,2020,288812
15,2021,288507
15,2022,288854
15,2023,288450
15,2024,288025
15,2025,287746
15,2026,287676
16,1975,675112
16,1976,675735
16,1977,676575
16,1978,677961
16,1979,678710
16,1980,679520
16,1981,680969
16,1982,682068
16,1983,682065
16,1984,681574
16,1985,681704
16,1986,682002
16,1987,682205
16,1988,684221
16,1989,684350
16,1990,684112
16,1991,684519
16,1992,684515
16,1993,684794
16,1994,683532
16,1995,682775
16,1996,681606
16,1997,680896
16,1998,679899
16,1999,679691
16,2000,681558
16,2001,683954
16,2002,686060
16,2003,687824
16,2004,689452
16,2005,691859
16,2006,694111
16,2007,699106
16,2008,703198
16,2009,703163
16,2010,703191
16,2011,705447
16,2012,707352
16,2013,707003
16,2014,707747
16,2015,707268
16,2016,706619
16,2017,704715
16,2018,703602
16,2019,704077
16,2020,703484
16,2021,701783
16,2022,703256
16,2023,705417
16,2024,705476
16,2025,705407
16,2026,705442
17,1975,996425
17,1976,1000143
17,1977,1003873
17,1978,1008194
17,1979,1012024
17,1980,1016688
17,1981,1021736
17,1982,1026642
17,1983,1030404
17,1984,1032801
17,1985,1035791
17,1986,1039118
17,1987,1042450
17,1988,1047553
17,1989,1050928
17,1990,1054405
17,1991,1061297
17,1992,1066896
17,1993,1071820
17,1994,1076555
17,1995,1081593
17,1996,1087706
17,1997,1094119
17,1998,1105319
17,1999,1112876
17,2000,1123522
17,2001,1135272
17,2002,1147673
17,2003,1159793
17,2004,1172203
17,2005,1185319
17,2006,1197868
17,2007,1210858
17,2008,1223467
17,2009,1233253
17,2010,1244685
17,2011,1251404
17,2012,1257507
17,2013,1266877
17,2014,1274223
17,2015,1279923
17,2016,1284430
17,2017,1288657
17,2018,1293916
17,2019,1302770
17,2020,1311473
17,2021,1322864
17,2022,1336377
17,2023,1344617
17,2024,1354185
17,2025,1363354
17,2026,1372891
18,1975,633094
18,1976,634081
18,1977,634735
18,1978,635695
18,1979,636229
18,1980,637117
18,1981,638510
18,1982,639987
18,1983,643514
18,1984,643663
18,1985,642958
18,1986,642479
18,1987,641953
18,1988,642303
18,1989,642988
18,1990,643004
18,1991,642578
18,1992,642115
18,1993,640545
18,1994,638620
18,1995,636532
18,1996,633859
18,1997,632275
18,1998,630544
18,1999,629240
18,2000,629203
18,2001,629307
18,2002,629810
18,2003,629598
18,2004,629016
18,2005,629320
18,2006,629386
18,2007,629234
18,2008,626538
18,2009,622081
18,2010,622551
18,2011,623426
18,2012,623833
18,2013,623340
18,2014,620582
18,2015,618027
18,2016,614265
18,2017,608558
18,2018,606863
18,2019,604661
18,2020,601916
18,2021,599197
18,2022,599043
18,2023,597371
18,2024,594790
18,2025,592639
18,2026,590611
19,1975,481474
19,1976,481524
19,1977,482093
19,1978,482467
19,1979,482380
19,1980,482774
19,1981,483371
19,1982,483678
19,1983,482141
19,1984,481334
19,1985,481889
19,1986,481150
19,1987,479959
19,1988,478176
19,1989,477211
19,1990,476139
19,1991,475058
19,1992,473922
19,1993,472655
19,1994,471694
19,1995,470884
19,1996,469123
19,1997,467575
19,1998,466736
19,1999,465680
19,2000,467305
19,2001,469177
19,2002,471593
19,2003,473653
19,2004,475689
19,2005,478414
19,2006,480769
19,2007,484118
19,2008,485834
19,2009,486746
19,2010,487145
19,2011,484950
19,2012,482537
19,2013,481607
19,2014,482726
19,2015,483789
19,2016,483118
19,2017,482978
19,2018,481217
19,2019,480199
19,2020,478434
19,2021,479622
19,2022,480295
19,2023,481707
19,2024,482138
19,2025,482605
19,2026,483472
21,1975,911892
21,1976,916384
21,1977,920640
21,1978,926060
21,1979,930775
21,1980,936021
21,1981,941714
21,1982,947251
21,1983,951965
21,1984,956692
21,1985,962086
21,1986,967722
21,1987,973650
21,1988,978079
21,1989,982897
21,1990,986965
21,1991,991086
21,1992,995150
21,1993,999062
21,1994,1001882
21,1995,1005559
21,1996,1008069
21,1997,1011458
21,1998,1012450
21,1999,1013424
21,2000,1016056
21,2001,1019455
21,2002,1022421
21,2003,1025209
21,2004,1028071
21,2005,1031686
21,2006,1034364
21,2007,1038314
21,2008,1043244
21,2009,1048316
21,2010,1048745
21,2011,1051891
21,2012,1054836
21,2013,1059553
21,2014,1062792
21,2015,1066328
21,2016,1066461
21,2017,1067674
21,2018,1066477
21,2019,1068285
21,2020,1070194
21,2021,1071045
21,2022,1075193
21,2023,1080240
21,2024,1081927
21,2025,1083357
21,2026,1085010
22,1975,1051893
22,1976,1055246
22,1977,1058728
22,1978,1062511
22,1979,1065789
22,1980,1069497
22,1981,1073447
22,1982,1077923
22,1983,1078827
22,1984,1077874
22,1985,1077374
22,1986,1077323
22,1987,1076924
22,1988,1077282
22,1989,1077605
22,1990,1076918
22,1991,1076459
22,1992,1074541
22,1993,1074904
22,1994,1073621
22,1995,1074053
22,1996,1073748
22,1997,1078685
22,1998,1082819
22,1999,1084834
22,2000,1091350
22,2001,1099045
22,2002,1107151
22,2003,1115701
22,2004,1124491
22,2005,1133416
22,2006,1141761
22,2007,1152137
22,2008,1163179
22,2009,1175077
22,2010,1183321
22,2011,1188789
22,2012,1191102
22,2013,1194212
22,2014,1194838
22,2015,1196760
22,2016,1197953
22,2017,1197677
22,2018,1199218
22,2019,1201215
22,2020,1207332
22,2021,1211886
22,2022,1219249
22,2023,1223772
22,2024,1227405
22,2025,1231135
22,2026,1235157
23,1975,293343
23,1976,291308
23,1977,289302
23,1978,287674
23,1979,285676
23,1980,283715
23,1981,282101
23,1982,280077
23,1983,278684
23,1984,274848
23,1985,273253
23,1986,271048
23,1987,269983
23,1988,267403
23,1989,265352
23,1990,263215
23,1991,261153
23,1992,259342
23,1993,257998
23,1994,255965
23,1995,254052
23,1996,252767
23,1997,251762
23,1998,250678
23,1999,249244
23,2000,248657
23,2001,248241
23,2002,247957
23,2003,247645
23,2004,247173
23,2005,246897
23,2006,246852
23,2007,247771
23,2008,247862
23,2009,247216
23,2010,246105
23,2011,245168
23,2012,243083
23,2013,241794
23,2014,241214
23,2015,240783
23,2016,239059
23,2017,237331
23,2018,235064
23,2019,233293
23,2020,232050
23,2021,231465
23,2022,231120
23,2023,231116
23,2024,230876
23,2025,230377
23,2026,229952
24,1975,747454
24,1976,747778
24,1977,748592
24,1978,749979
24,1979,750653
24,1980,751843
24,1981,753407
24,1982,755079
24,1983,758820
24,1984,763089
24,1985,764899
24,1986,767370
24,1987,767331
24,1988,768351
24,1989,770694
24,1990,773417
24,1991,774316
24,1992,774170
24,1993,774493
24,1994,774267
24,1995,773922
24,1996,773411
24,1997,774828
24,1998,776142
24,1999,776857
24,2000,780587
24,2001,785029
24,2002,789537
24,2003,793853
24,2004,798031
24,2005,803258
24,2006,808147
24,2007,813629
24,2008,818819
24,2009,824207
24,2010,828341
24,2011,830379
24,2012,832813
24,2013,833864
24,2014,832748
24,2015,830884
24,2016,829630
24,2017,827265
24,2018,826891
24,2019,826502
24,2020,825671
24,2021,827518
24,2022,832709
24,2023,835288
24,2024,837905
24,2025,840078
24,2026,842728
25,1975,941392
25,1976,942780
25,1977,945072
25,1978,947101
25,1979,947831
25,1980,949805
25,1981,952309
25,1982,954528
25,1983,959800
25,1984,966422
25,1985,968440
25,1986,964144
25,1987,964740
25,1988,968155
25,1989,969409
25,1990,968548
25,1991,973034
25,1992,977932
25,1993,982239
25,1994,985645
25,1995,990148
25,1996,993718
25,1997,995461
25,1998,997249
25,1999,998470
25,2000,1002870
25,2001,1007883
25,2002,1012507
25,2003,1017089
25,2004,1021613
25,2005,1027168
25,2006,1032340
25,2007,1040292
25,2008,1045397
25,2009,1050579
25,2010,1055567
25,2011,1058234
25,2012,1062153
25,2013,1066670
25,2014,1069451
25,2015,1073950
25,2016,1077131
25,2017,1078169
25,2018,1082943
25,2019,1087983
25,2020,1090454
25,2021,1094228
25,2022,1097361
25,2023,1094364
25,2024,1094086
25,2025,1093493
25,2026,1093275
26,1975,723978
26,1976,730329
26,1977,737149
26,1978,744693
26,1979,752161
26,1980,760371
26,1981,769340
26,1982,778401
26,1983,787471
26,1984,795370
26,1985,801720
26,1986,807702
26,1987,814158
26,1988,818791
26,1989,822177
26,1990,827684
26,1991,834064
26,1992,838917
26,1993,845177
26,1994,849279
26,1995,855044
26,1996,858450
26,1997,864531
26,1998,870541
26,1999,875338
26,2000,882990
26,2001,891754
26,2002,900458
26,2003,909434
26,2004,918183
26,2005,927983
26,2006,937247
26,2007,946887
26,2008,956169
26,2009,966000
26,2010,969462
26,2011,976018
26,2012,982701
26,2013,989458
26,2014,998354
26,2015,1009311
26,2016,1016050
26,2017,1023147
26,2018,1029504
26,2019,1033565
26,2020,1035460
26,2021,1038958
26,2022,1042907
26,2023,1048459
26,2024,1051479
26,2025,1054358
26,2026,1056883
27,1975,845462
27,1976,855502
27,1977,866141
27,1978,876769
27,1979,887369
27,1980,898569
27,1981,911290
27,1982,923583
27,1983,935191
27,1984,948624
27,1985,961342
27,1986,974362
27,1987,982210
27,1988,999460
27,1989,1012777
27,1990,1026951
27,1991,1034977
27,1992,1044976
27,1993,1051668
27,1994,1058004
27,1995,1063377
27,1996,1069049
27,1997,1074395
27,1998,1079240
27,1999,1081860
27,2000,1089295
27,2001,1097029
27,2002,1104447
27,2003,1111669
27,2004,1118811
27,2005,1126657
27,2006,1134467
27,2007,1144235
27,2008,1154199
27,2009,1165669
27,2010,1173111
27,2011,1176248
27,2012,1183259
27,2013,1190114
27,2014,1196723
27,2015,1203927
27,2016,1205682
27,2017,1203720
27,2018,1199958
27,2019,1199049
27,2020,1199372
27,2021,1197905
27,2022,1202648
27,2023,1205466
27,2024,1206501
27,2025,1206874
27,2026,1207375
28,1975,669888
28,1976,676770
28,1977,684082
28,1978,692110
28,1979,699534
28,1980,707764
28,1981,716114
28,1982,725127
28,1983,733542
28,1984,742489
28,1985,751606
28,1986,759221
28,1987,765497
28,1988,774391
28,1989,782740
28,1990,791390
28,1991,797174
28,1992,802671
28,1993,807081
28,1994,810611
28,1995,812762
28,1996,813948
28,1997,815613
28,1998,816451
28,1999,815441
28,2000,818711
28,2001,822612
28,2002,826278
28,2003,830092
28,2004,833644
28,2005,837964
28,2006,842256
28,2007,844850
28,2008,847146
28,2009,851032
28,2010,857894
28,2011,860860
28,2012,864243
28,2013,865965
28,2014,867556
28,2015,868103
28,2016,867893
28,2017,866502
28,2018,864031
28,2019,863188
28,2020,862925
28,2021,862593
28,2022,865940
28,2023,866299
28,2024,866577
28,2025,866290
28,2026,866436
29,1975,1608988
29,1976,1614920
29,1977,1620568
29,1978,1627851
29,1979,1634081
29,1980,1640907
29,1981,1649171
29,1982,1657530
29,1983,1660457
29,1984,1661694
29,1985,1664100
29,1986,1666487
29,1987,1668409
29,1988,1670942
29,1989,1673806
29,1990,1676761
29,1991,1676831
29,1992,1676944
29,1993,1679374
29,1994,1681160
29,1995,1682627
29,1996,1688263
29,1997,1694182
29,1998,1699590
29,1999,1704579
29,2000,1711881
29,2001,1721113
29,2002,1730046
29,2003,1738444
29,2004,1747170
29,2005,1757098
29,2006,1766036
29,2007,1771846
29,2008,1781051
29,2009,1787861
29,2010,1795289
29,2011,1799773
29,2012,1802621
29,2013,1807878
29,2014,1811747
29,2015,1815630
29,2016,1816537
29,2017,1818097
29,2018,1823512
29,2019,1830223
29,2020,1834402
29,2021,1843321
29,2022,1855869
29,2023,1866957
29,2024,1874849
29,2025,1882220
29,2026,1890730
2A,1975,203019
2A,1976,204728
2A,1977,206708
2A,1978,208694
2A,1979,210211
2A,1980,212401
2A,1981,214805
2A,1982,217234
2A,1983,219548
2A,1984,222315
2A,1985,224513
2A,1986,226733
2A,1987,228631
2A,1988,231187
2A,1989,233528
2A,1990,236932
2A,1991,237754
2A,1992,238181
2A,1993,239217
2A,1994,239383
2A,1995,239536
2A,1996,238361
2A,1997,237455
2A,1998,236958
2A,1999,236964
2A,2000,241539
2A,2001,246403
2A,2002,251357
2A,2003,256229
2A,2004,261260
2A,2005,266290
2A,2006,271470
2A,2007,278759
2A,2008,281941
2A,2009,282695
2A,2010,287235
2A,2011,291728
2A,2012,290894
2A,2013,298504
2A,2014,303341
2A,2015,305499
2A,2016,308646
2A,2017,314542
2A,2018,315748
2A,2019,317057
2A,2020,321672
2A,2021,325929
2A,2022,332134
2A,2023,336660
2A,2024,341142
2A,2025,345755
2A,2026,350347
2B,1975,251016
2B,1976,252546
2B,1977,254225
2B,1978,256072
2B,1979,257456
2B,1980,259122
2B,1981,261001
2B,1982,263171
2B,1983,263365
2B,1984,264390
2B,1985,264450
2B,1986,264063
2B,1987,263249
2B,1988,263217
2B,1989,263236
2B,1990,262414
2B,1991,265620
2B,1992,265273
2B,1993,268031
2B,1994,274629
2B,1995,277356
2B,1996,280036
2B,1997,280801
2B,1998,282037
2B,1999,283403
2B,2000,287603
2B,2001,292208
2B,2002,296894
2B,2003,301890
2B,2004,306750
2B,2005,311960
2B,2006,316833
2B,2007,319727
2B,2008,324059
2B,2009,328721
2B,2010,332219
2B,2011,337313
2B,2012,341690
2B,2013,341983
2B,2014,345156
2B,2015,349144
2B,2016,352343
2B,2017,355419
2B,2018,361442
2B,2019,363907
2B,2020,365816
2B,2021,369353
2B,2022,370506
2B,2023,374407
2B,2024,376616
2B,2025,378845
2B,2026,381025
30,1975,989831
30,1976,998587
30,1977,1007195
30,1978,1016707
30,1979,1025655
30,1980,1035883
30,1981,1047349
30,1982,1059149
30,1983,1075565
30,1984,1089550
30,1985,1103104
30,1986,1110544
30,1987,1126585
30,1988,1139361
30,1989,1153533
30,1990,1169992
30,1991,1177518
30,1992,1186875
30,1993,1197339
30,1994,1205821
30,1995,1210856
30,1996,1217974
30,1997,1225993
30,1998,1236333
30,1999,1245049
30,2000,1260134
30,2001,1276364
30,2002,1293984
30,2003,1311816
30,2004,1329276
30,2005,1348156
30,2006,1366370
30,2007,1379725
30,2008,1388678
30,2009,1403798
30,2010,1419432
30,2011,1436747
30,2012,1451270
30,2013,1466438
30,2014,1472095
30,2015,1476416
30,2016,1484051
30,2017,1488398
30,2018,1490958
30,2019,1496917
30,2020,1502958
30,2021,1513131
30,2022,1528065
30,2023,1541927
30,2024,1552589
30,2025,1562924
30,2026,1573364
31,1975,1554061
31,1976,1566270
31,1977,1579296
31,1978,1593050
31,1979,1605236
31,1980,1618358
31,1981,1632694
31,1982,1647681
31,1983,1674376
31,1984,1696937
31,1985,1725709
31,1986,1744575
31,1987,1769583
31,1988,1794276
31,1989,1821006
31,1990,1850254
31,1991,1877776
31,1992,1910280
31,1993,1941514
31,1994,1958242
31,1995,1982289
31,1996,2008355
31,1997,2033715
31,1998,2058955
31,1999,2088439
31,2000,2125051
31,2001,2164303
31,2002,2204851
31,2003,2245579
31,2004,2287435
31,2005,2330409
31,2006,2372683
31,2007,2405863
31,2008,2434711
31,2009,2461663
31,2010,2487306
31,2011,2520476
31,2012,2558722
31,2013,2597149
31,2014,2635361
31,2015,2670232
31,2016,2696393
31,2017,2725374
31,2018,2761372
31,2019,2800106
31,2020,2831542
31,2021,2868763
31,2022,2912551
31,2023,2942968
31,2024,2974525
31,2025,3006510
31,2026,3039258
32,1975,351401
32,1976,351228
32,1977,350800
32,1978,350474
32,1979,349837
32,1980,349467
32,1981,349225
32,1982,348945
32,1983,346922
32,1984,349791
32,1985,348828
32,1986,349661
32,1987,349256
32,1988,348957
32,1989,349051
32,1990,349528
32,1991,349835
32,1992,348242
32,1993,347508
32,1994,346427
32,1995,345340
32,1996,345161
32,1997,344843
32,1998,345202
32,1999,345011
32,2000,347087
32,2001,349405
32,2002,352142
32,2003,354414
32,2004,357074
32,2005,360034
32,2006,362793
32,2007,367273
32,2008,370575
32,2009,374405
32,2010,376361
32,2011,377829
32,2012,379104
32,2013,380597
32,2014,381297
32,2015,381912
32,2016,381377
32,2017,382233
32,2018,382618
32,2019,382807
32,2020,383693
32,2021,384929
32,2022,385353
32,2023,385347
32,2024,385147
32,2025,384942
32,2026,385035
33,1975,2123417
33,1976,2139387
33,1977,2158119
33,1978,2176737
33,1979,2193779
33,1980,2213055
33,1981,2234482
33,1982,2255893
33,1983,2275880
33,1984,2292620
33,1985,2319053
33,1986,2341490
33,1987,2360314
33,1988,2380854
33,1989,2402461
33,1990,2427105
33,1991,2447939
33,1992,2466781
33,1993,2486210
33,1994,2498478
33,1995,2512956
33,1996,2526881
33,1997,2540345
33,1998,2552933
33,1999,2572171
33,2000,2599581
33,2001,2629361
33,2002,2660217
33,2003,2691563
33,2004,2722477
33,2005,2756009
33,2006,2787543
33,2007,2818717
33,2008,2842579
33,2009,2869349
33,2010,2898517
33,2011,2927352
33,2012,2967452
33,2013,3011063
33,2014,3052062
33,2015,3096987
33,2016,3133390
33,2017,3166803
33,2018,3203723
33,2019,3247532
33,2020,3272816
33,2021,3309975
33,2022,3349995
33,2023,3381024
33,2024,3411738
33,2025,3441160
33,2026,3471869
34,1975,1296083
34,1976,1309728
34,1977,1325980
34,1978,1342210
34,1979,1356936
34,1980,1373296
34,1981,1390937
34,1982,1409238
34,1983,1437267
34,1984,1461089
34,1985,1491776
34,1986,1505481
34,1987,1524233
34,1988,1538060
34,1989,1561532
34,1990,1589312
34,1991,1611802
34,1992,1634662
34,1993,1658422
34,1994,1679165
34,1995,1700103
34,1996,1723391
34,1997,1744570
34,1998,1769810
34,1999,1789104
34,2000,1815524
34,2001,1843072
34,2002,1874004
34,2003,1905760
34,2004,1936983
34,2005,1970257
34,2006,2002112
34,2007,2022444
34,2008,2039627
34,2009,2063979
34,2010,2089147
34,2011,2124104
34,2012,2155286
34,2013,2184695
34,2014,2214830
34,2015,2240415
34,2016,2264999
34,2017,2289824
34,2018,2318479
34,2019,2351285
34,2020,2377986
34,2021,2403806
34,2022,2434703
34,2023,2460622
34,2024,2483940
34,2025,2506218
34,2026,2529627
35,1975,1404078
35,1976,1417287
35,1977,1429651
35,1978,1442969
35,1979,1455765
35,1980,1469579
35,1981,1485057
35,1982,1499556
35,1983,1510999
35,1984,1521808
35,1985,1533364
35,1986,1544861
35,1987,1557113
35,1988,1569521
35,1989,1582532
35,1990,1595592
35,1991,1610281
35,1992,1624633
35,1993,1638933
35,1994,1652217
35,1995,1665734
35,1996,1681324
35,1997,1697477
35,1998,1714615
35,1999,1732247
35,2000,1752427
35,2001,1774871
35,2002,1797844
35,2003,1820760
35,2004,1843848
35,2005,1867796
35,2006,1891728
35,2007,1911718
35,2008,1935202
35,2009,1954924
35,2010,1976306
35,2011,1992904
35,2012,2015829
35,2013,2039873
35,2014,2064508
35,2015,2085797
35,2016,2103588
35,2017,2120431
35,2018,2138487
35,2019,2159028
35,2020,2177742
35,2021,2196683
35,2022,2218497
35,2023,2241367
35,2024,2259782
35,2025,2277772
35,2026,2296456
36,1975,497892
36,1976,496186
36,1977,494815
36,1978,493545
36,1979,491846
36,1980,490074
36,1981,488357
36,1982,486824
36,1983,486808
36,1984,485673
36,1985,483899
36,1986,482011
36,1987,479612
36,1988,478306
36,1989,477215
36,1990,475253
36,1991,474254
36,1992,472970
36,1993,471699
36,1994,469191
36,1995,468150
36,1996,466789
36,1997,465697
36,1998,464544
36,1999,462770
36,2000,462923
36,2001,463403
36,2002,463773
36,2003,464351
36,2004,464463
36,2005,465266
36,2006,465959
36,2007,465639
36,2008,464050
36,2009,464577
36,2010,462394
36,2011,460392
36,2012,457427
36,2013,456227
36,2014,452397
36,2015,448448
36,2016,447060
36,2017,444514
36,2018,441243
36,2019,438687
36,2020,437470
36,2021,434512
36,2022,433675
36,2023,432195
36,2024,430059
36,2025,427784
36,2026,425484
37,1975,956799
37,1976,964451
37,1977,972247
37,1978,980037
37,1979,987336
37,1980,994428
37,1981,1002869
37,1982,1011482
37,1983,1020293
37,1984,1026159
37,1985,1031970
37,1986,1038995
37,1987,1044701
37,1988,1046556
37,1989,1052586
37,1990,1058326
37,1991,1063314
37,1992,1069427
37,1993,1076321
37,1994,1081153
37,1995,1086992
37,1996,1092340
37,1997,1098552
37,1998,1103025
37,1999,1107409
37,2000,1114369
37,2001,1122332
37,2002,1129802
37,2003,1137560
37,2004,1144540
37,2005,1152763
37,2006,1160655
37,2007,1166202
37,2008,1170843
37,2009,1176871
37,2010,1181061
37,2011,1187398
37,2012,1193907
37,2013,1200537
37,2014,1207882
37,2015,1209968
37,2016,1212483
37,2017,1213061
37,2018,1215559
37,2019,1220197
37,2020,1224278
37,2021,1224361
37,2022,1232694
37,2023,1238767
37,2024,1242273
37,2025,1245432
37,2026,1248601
38,1975,1719446
38,1976,1738729
38,1977,1760041
38,1978,1781131
38,1979,1801335
38,1980,1823785
38,1981,1847276
38,1982,1871776
38,1983,1891561
38,1984,1911205
38,1985,1929248
38,1986,1944867
38,1987,1961425
38,1988,1980933
38,1989,2003665
38,1990,2030496
38,1991,2049156
38,1992,2070154
38,1993,2089375
38,1994,2103885
38,1995,2119557
38,1996,2135698
38,1997,2153796
38,1998,2170429
38,1999,2185579
38,2000,2204685
38,2001,2226057
38,2002,2248393
38,2003,2270183
38,2004,2291818
38,2005,2315830
38,2006,2339006
38,2007,2357453
38,2008,2377345
38,2009,2394101
38,2010,2412774
38,2011,2430450
38,2012,2450013
38,2013,2470802
38,2014,2487223
38,2015,2502150
38,2016,2505855
38,2017,2517477
38,2018,2527158
38,2019,2542365
38,2020,2555060
38,2021,2569930
38,2022,2582794
38,2023,2598016
38,2024,2609926
38,2025,2621332
38,2026,2632680
39,1975,478407
39,1976,479333
39,1977,480191
39,1978,481193
39,1979,481793
39,1980,483434
39,1981,485073
39,1982,486338
39,1983,487133
39,1984,488092
39,1985,490054
39,1986,492750
39,1987,495439
39,1988,494669
39,1989,496032
39,1990,497442
39,1991,498889
39,1992,499671
39,1993,500460
39,1994,500618
39,1995,501048
39,1996,501769
39,1997,501349
39,1998,501866
39,1999,501842
39,2000,503654
39,2001,505713
39,2002,507783
39,2003,509415
39,2004,511105
39,2005,513167
39,2006,514831
39,2007,517827
39,2008,521513
39,2009,522588
39,2010,523102
39,2011,522623
39,2012,521899
39,2013,521041
39,2014,521400
39,2015,521214
39,2016,521075
39,2017,520418
39,2018,519535
39,2019,518442
39,2020,517641
39,2021,517155
39,2022,516856
39,2023,515993
39,2024,515224
39,2025,513853
39,2026,512945
40,1975,577152
40,1976,579167
40,1977,581589
40,1978,584287
40,1979,586487
40,1980,589068
40,1981,591873
40,1982,594694
40,1983,598150
40,1984,602497
40,1985,607095
40,1986,611507
40,1987,613414
40,1988,615027
40,1989,618893
40,1990,623046
40,1991,626606
40,1992,630555
40,1993,634285
40,1994,637294
40,1995,639590
40,1996,642515
40,1997,646335
40,1998,650190
40,1999,654516
40,2000,663057
40,2001,672977
40,2002,682949
40,2003,693277
40,2004,703691
40,2005,715125
40,2006,725691
40,2007,735020
40,2008,746320
40,2009,758718
40,2010,768677
40,2011,775895
40,2012,785805
40,2013,794491
40,2014,800994
40,2015,806510
40,2016,810064
40,2017,814934
40,2018,820756
40,2019,827427
40,2020,836293
40,2021,846001
40,2022,856904
40,2023,867192
40,2024,875961
40,2025,884317
40,2026,893004
41,1975,567541
41,1976,570947
41,1977,574501
41,1978,578400
41,1979,581740
41,1980,585028
41,1981,588621
41,1982,592526
41,1983,595527
41,1984,598352
41,1985,600643
41,1986,602826
41,1987,604060
41,1988,606847
41,1989,609501
41,1990,611769
41,1991,614466
41,1992,616996
41,1993,619629
41,1994,620977
41,1995,623214
41,1996,625214
41,1997,627355
41,1998,629267
41,1999,630026
41,2000,632744
41,2001,635603
41,2002,638325
41,2003,641109
41,2004,643653
41,2005,647015
41,2006,650401
41,2007,652619
41,2008,653235
41,2009,655773
41,2010,660196
41,2011,662598
41,2012,663351
41,2013,664042
41,2014,667175
41,2015,666142
41,2016,665582
41,2017,663875
41,2018,660542
41,2019,658988
41,2020,658762
41,2021,657057
41,2022,657956
41,2023,657136
41,2024,656173
41,2025,654858
41,2026,653850
42,1975,1486041
42,1976,1484193
42,1977,1483117
42,1978,1482658
42,1979,1480626
42,1980,1480402
42,1981,1480770
42,1982,1480411
42,1983,1486516
42,1984,1488908
42,1985,1486263
42,1986,1484760
42,1987,1484969
42,1988,1486903
42,1989,1488378
42,1990,1492228
42,1991,1489771
42,1992,1488593
42,1993,1488162
42,1994,1485346
42,1995,1480411
42,1996,1477369
42,1997,1470604
42,1998,1463345
42,1999,1458193
42,2000,1461259
42,2001,1465088
42,2002,1468566
42,2003,1471592
42,2004,1474626
42,2005,1478819
42,2006,1482571
42,2007,1481369
42,2008,1484185
42,2009,1492263
42,2010,1497928
42,2011,1498140
42,2012,1507561
42,2013,1513466
42,2014,1514648
42,2015,1518861
42,2016,1524034
42,2017,1525923
42,2018,1526923
42,2019,1531310
42,2020,1537059
42,2021,1538101
42,2022,1544126
42,2023,1548310
42,2024,1550798
42,2025,1552703
42,2026,1554840
43,1975,411785
43,1976,411577
43,1977,411369
43,1978,411779
43,1979,411611
43,1980,411715
43,1981,412150
43,1982,412762
43,1983,412295
43,1984,413442
43,1985,413813
43,1986,413935
43,1987,413402
43,1988,413332
43,1989,413327
43,1990,413347
43,1991,413255
43,1992,413310
43,1993,412790
43,1994,413049
43,1995,413055
43,1996,413824
43,1997,415144
43,1998,416605
43,1999,418207
43,2000,420855
43,2001,423583
43,2002,426527
43,2003,429226
43,2004,432365
43,2005,435676
43,2006,439004
43,2007,440910
43,2008,443703
43,2009,446280
43,2010,448048
43,2011,449850
43,2012,451409
43,2013,452444
43,2014,453169
43,2015,454109
43,2016,454720
43,2017,454609
43,2018,455148
43,2019,455186
43,2020,455025
43,2021,454616
43,2022,456370
43,2023,457357
43,2024,457749
43,2025,458193
43,2026,458796
44,1975,1868154
44,1976,1884312
44,1977,1900808
44,1978,1917984
44,1979,1934527
44,1980,1951871
44,1981,1970082
44,1982,1988557
44,1983,2009815
44,1984,2024162
44,1985,2034974
44,1986,2047868
44,1987,2065983
44,1988,2074867
44,1989,2089522
44,1990,2101100
44,1991,2117955
44,1992,2137989
44,1993,2159225
44,1994,2175731
44,1995,2192090
44,1996,2210064
44,1997,2228201
44,1998,2248037
44,1999,2266519
44,2000,2292141
44,2001,2320503
44,2002,2349010
44,2003,2378340
44,2004,2406974
44,2005,2437646
44,2006,2468196
44,2007,2493622
44,2008,2511768
44,2009,2532742
44,2010,2564130
44,2011,2592754
44,2012,2626669
44,2013,2657268
44,2014,2693213
44,2015,2730484
44,2016,2761735
44,2017,2789852
44,2018,2825036
44,2019,2858577
44,2020,2890375
44,2021,2915646
44,2022,2946346
44,2023,2975177
44,2024,2998701
44,2025,3021233
44,2026,3045123
45,1975,979434
45,1976,991046
45,1977,1002846
45,1978,1016024
45,1979,1027914
45,1980,1041274
45,1981,1055467
45,1982,1070476
45,1983,1082530
45,1984,1092771
45,1985,1104532
45,1986,1114309
45,1987,1123605
45,1988,1136409
45,1989,1148040
45,1990,1160044
45,1991,1171200
45,1992,1182083
45,1993,1191877
45,1994,1200415
45,1995,1209164
45,1996,1216688
45,1997,1224764
45,1998,1232771
45,1999,1235897
45,2000,1242487
45,2001,1250498
45,2002,1258168
45,2003,1266066
45,2004,1273442
45,2005,1282366
45,2006,1290678
45,2007,1295494
45,2008,1301566
45,2009,1307049
45,2010,1312239
45,2011,1319203
45,2012,1324624
45,2013,1331205
45,2014,1339506
45,2015,1346731
45,2016,1348694
45,2017,1356246
45,2018,1357726
45,2019,1360905
45,2020,1364646
45,2021,1369160
45,2022,1374165
45,2023,1382576
45,2024,1386426
45,2025,1389901
45,2026,1393884
46,1975,301887
46,1976,302555
46,1977,303493
46,1978,304678
46,1979,305376
46,1980,306513
46,1981,307850
46,1982,309130
46,1983,310621
46,1984,312618
46,1985,312095
46,1986,310876
46,1987,309589
46,1988,310800
46,1989,311249
46,1990,311978
46,1991,312562
46,1992,313999
46,1993,314462
46,1994,315428
46,1995,315995
46,1996,316768
46,1997,318190
46,1998,319357
46,1999,320503
46,2000,322794
46,2001,325404
46,2002,328196
46,2003,331030
46,2004,333790
46,2005,336586
46,2006,339106
46,2007,342390
46,2008,345636
46,2009,347168
46,2010,349200
46,2011,349553
46,2012,348738
46,2013,347564
46,2014,347346
46,2015,346852
46,2016,346748
46,2017,347711
46,2018,347914
46,2019,348246
46,2020,349399
46,2021,349945
46,2022,351302
46,2023,353010
46,2024,353604
46,2025,354202
46,2026,355155
47,1975,586048
47,1976,587190
47,1977,588314
47,1978,589798
47,1979,591103
47,1980,592787
47,1981,594667
47,1982,596644
47,1983,600623
47,1984,603938
47,1985,603070
47,1986,604552
47,1987,604927
47,1988,608180
47,1989,610077
47,1990,611627
47,1991,610974
47,1992,610023
47,1993,609193
47,1994,608124
47,1995,608657
47,1996,608165
47,1997,609220
47,1998,609974
47,1999,611003
47,2000,614869
47,2001,619398
47,2002,624008
47,2003,628882
47,2004,633784
47,2005,639478
47,2006,644624
47,2007,648380
47,2008,652838
47,2009,659434
47,2010,662287
47,2011,661773
47,2012,664280
47,2013,666403
47,2014,666513
47,2015,666880
47,2016,665713
47,2017,665732
47,2018,663990
47,2019,662593
47,2020,661740
47,2021,662511
47,2022,664505
47,2023,667257
47,2024,668936
47,2025,670045
47,2026,671134
48,1975,149900
48,1976,149542
48,1977,149238
48,1978,149028
48,1979,148957
48,1980,148963
48,1981,148970
48,1982,148915
48,1983,149330
48,1984,149703
48,1985,148266
48,1986,147389
48,1987,146795
48,1988,146834
48,1989,146368
48,1990,145761
48,1991,145335
48,1992,144815
48,1993,145561
48,1994,145900
48,1995,145804
48,1996,146102
48,1997,146475
48,1998,147051
48,1999,147063
48,2000,147739
48,2001,148733
48,2002,149751
48,2003,150665
48,2004,151605
48,2005,152633
48,2006,153637
48,2007,153797
48,2008,153983
48,2009,154363
48,2010,154201
48,2011,154349
48,2012,153817
48,2013,153254
48,2014,152761
48,2015,152660
48,2016,152888
48,2017,153247
48,2018,153087
48,2019,153256
48,2020,153314
48,2021,153088
48,2022,153056
48,2023,153024
48,2024,152999
48,2025,152872
48,2026,152939
49,1975,1259611
49,1976,1271779
49,1977,1283009
49,1978,1295841
49,1979,1307625
49,1980,1320705
49,1981,1334925
49,1982,1348872
49,1983,1362501
49,1984,1371182
49,1985,1378708
49,1986,1387046
49,1987,1394495
49,1988,1397127
49,1989,1404586
49,1990,1409360
49,1991,1414064
49,1992,1420563
49,1993,1427659
49,1994,1434100
49,1995,1441164
49,1996,1448674
49,1997,1454313
49,1998,1459129
49,1999,1465275
49,2000,1473762
49,2001,1484172
49,2002,1494206
49,2003,1503444
49,2004,1512534
49,2005,1523087
49,2006,1533347
49,2007,1541582
49,2008,1549674
49,2009,1560193
49,2010,1569649
49,2011,1580715
49,2012,1591144
49,2013,1600413
49,2014,1611808
49,2015,1620405
49,2016,1621903
49,2017,1627023
49,2018,1631803
49,2019,1636583
49,2020,1641464
49,2021,1649524
49,2022,1656341
49,2023,1667592
49,2024,1674212
49,2025,1680633
49,2026,1687102
50,1975,904495
50,1976,908048
50,1977,911250
50,1978,914705
50,1979,918355
50,1980,922855
50,1981,927272
50,1982,931819
50,1983,936369
50,1984,940408
50,1985,943622
50,1986,947267
50,1987,948045
50,1988,952858
50,1989,956156
50,1990,959185
50,1991,959668
50,1992,958844
50,1993,959783
50,1994,959588
50,1995,960651
50,1996,960565
50,1997,961748
50,1998,962731
50,1999,962966
50,2000,966390
50,2001,969731
50,2002,973123
50,2003,976556
50,2004,979252
50,2005,982257
50,2006,985163
50,2007,990342
50,2008,993910
50,2009,995560
50,2010,997530
50,2011,999098
50,2012,998718
50,2013,999877
50,2014,999956
50,2015,998616
50,2016,996767
50,2017,993811
50,2018,992012
50,2019,990137
50,2020,990233
50,2021,991064
50,2022,993680
50,2023,995095
50,2024,995414
50,2025,995909
50,2026,996360
51,1975,1060261
51,1976,1063420
51,1977,1066194
51,1978,1069856
51,1979,1073188
51,1980,1077066
51,1981,1081965
51,1982,1086895
51,1983,1092386
51,1984,1096789
51,1985,1103349
51,1986,1101937
51,1987,1103382
51,1988,1110032
51,1989,1113092
51,1990,1115293
51,1991,1118033
51,1992,1120839
51,1993,1124127
51,1994,1126736
51,1995,1129838
51,1996,1131110
51,1997,1131619
51,1998,1131893
51,1999,1130756
51,2000,1130402
51,2001,1131094
51,2002,1131588
51,2003,1131685
51,2004,1131049
51,2005,1131375
51,2006,1131708
51,2007,1133007
51,2008,1132046
51,2009,1132316
51,2010,1130640
51,2011,1133168
51,2012,1137527
51,2013,1140026
51,2014,1141663
51,2015,1144617
51,2016,1141798
51,2017,1137823
51,2018,1134958
51,2019,1133745
51,2020,1133354
51,2021,1130621
51,2022,1128251
51,2023,1126190
51,2024,1121903
51,2025,1117540
51,2026,1114022
52,1975,425354
52,1976,424224
52,1977,423514
52,1978,423112
52,1979,422407
52,1980,421979
52,1981,421688
52,1982,421597
52,1983,422053
52,1984,421442
52,1985,420390
52,1986,416320
52,1987,413527
52,1988,412395
52,1989,410648
52,1990,408104
52,1991,406693
52,1992,404131
52,1993,401792
52,1994,399810
52,1995,398555
52,1996,396580
52,1997,394514
52,1998,392787
52,1999,390293
52,2000,388080
52,2001,386016
52,2002,383861
52,2003,381847
52,2004,379624
52,2005,377668
52,2006,375339
52,2007,374848
52,2008,372974
52,2009,370462
52,2010,368113
52,2011,364785
52,2012,364308
52,2013,363079
52,2014,361385
52,2015,358349
52,2016,356210
52,2017,351322
52,2018,348183
52,2019,345070
52,2020,343644
52,2021,342133
52,2022,339780
52,2023,336711
52,2024,334421
52,2025,331821
52,2026,329498
53,1975,523931
53,1976,526558
53,1977,528884
53,1978,531818
53,1979,534421
53,1980,537407
53,1981,540340
53,1982,543482
53,1983,544985
53,1984,547334
53,1985,550392
53,1986,550920
53,1987,550951
53,1988,552950
53,1989,554672
53,1990,555523
53,1991,556537
53,1992,557430
53,1993,559478
53,1994,561167
53,1995,562915
53,1996,564782
53,1997,566283
53,1998,567817
53,1999,570468
53,2000,573972
53,2001,578280
53,2002,582285
53,2003,586277
53,2004,589659
53,2005,593801
53,2006,598033
53,2007,601319
53,2008,605999
53,2009,610327
53,2010,612707
53,2011,614095
53,2012,614940
53,2013,615035
53,2014,614978
53,2015,615918
53,2016,615415
53,2017,614930
53,2018,614209
53,2019,614166
53,2020,613118
53,2021,611909
53,2022,610918
53,2023,610980
53,2024,609633
53,2025,608408
53,2026,607344
54,1975,1446024
54,1976,1443398
54,1977,1441219
54,1978,1440177
54,1979,1437301
54,1980,1435657
54,1981,1434897
54,1982,1434932
54,1983,1438079
54,1984,1441049
54,1985,1444811
54,1986,1437979
54,1987,1432831
54,1988,1427862
54,1989,1426582
54,1990,1422755
54,1991,1423537
54,1992,1427250
54,1993,1431006
54,1994,1433059
54,1995,1434569
54,1996,1434426
54,1997,1432920
54,1998,1430149
54,1999,1428615
54,2000,1431394
54,2001,1434742
54,2002,1438424
54,2003,1441302
54,2004,1443495
54,2005,1447621
54,2006,1450631
54,2007,1453211
54,2008,1459563
54,2009,1462065
54,2010,1464441
54,2011,1466275
54,2012,1466560
54,2013,1462037
54,2014,1464336
54,2015,1468837
54,2016,1467674
54,2017,1466995
54,2018,1466971
54,2019,1467554
54,2020,1465215
54,2021,1465007
54,2022,1465832
54,2023,1464509
54,2024,1462311
54,2025,1460244
54,2026,1458140
55,1975,408630
55,1976,407444
55,1977,406262
55,1978,405156
55,1979,403752
55,1980,402646
55,1981,401737
55,1982,400984
55,1983,398987
55,1984,399102
55,1985,399406
55,1986,400480
55,1987,397497
55,1988,395419
55,1989,394356
55,1990,392590
55,1991,392113
55,1992,391380
55,1993,391446
55,1994,390984
55,1995,389803
55,1996,389274
55,1997,388706
55,1998,385625
55,1999,384917
55,2000,385395
55,2001,386069
55,2002,386655
55,2003,386673
55,2004,386783
55,2005,387305
55,2006,387423
55,2007,387955
55,2008,388466
55,2009,388036
55,2010,387876
55,2011,387145
55,2012,385632
55,2013,384221
55,2014,383095
55,2015,381288
55,2016,378148
55,2017,374412
55,2018,370751
55,2019,368208
55,2020,366046
55,2021,363883
55,2022,361536
55,2023,360625
55,2024,358605
55,2025,356459
55,2026,354259
56,1975,1127903
56,1976,1134724
56,1977,1141824
56,1978,1149136
56,1979,1157085
56,1980,1165277
56,1981,1173506
56,1982,1181999
56,1983,1188834
56,1984,1195152
56,1985,1202229
56,1986,1209216
56,1987,1216915
56,1988,1224465
56,1989,1231926
56,1990,1239472
56,1991,1243507
56,1992,1246942
56,1993,1252348
56,1994,1254285
56,1995,1259066
56,1996,1264114
56,1997,1270489
56,1998,1279576
56,1999,1286618
56,2000,1299695
56,2001,1313749
56,2002,1328621
56,2003,1343726
56,2004,1358778
56,2005,1374994
56,2006,1389676
56,2007,1405008
56,2008,1420102
56,2009,1432398
56,2010,1443348
56,2011,1454200
56,2012,1464780
56,2013,1475593
56,2014,1482141
56,2015,1489667
56,2016,1495138
56,2017,1501771
56,2018,1509779
56,2019,1519414
56,2020,1528369
56,2021,1537422
56,2022,1552255
56,2023,1566832
56,2024,1577574
56,2025,1587567
56,2026,1597972
57,1975,2013551
57,1976,2012169
57,1977,2011313
57,1978,2011784
57,1979,2010058
57,1980,2010146
57,1981,2012486
57,1982,2015503
57,1983,2013432
57,1984,2014884
57,1985,2021150
57,1986,2030672
57,1987,2031817
57,1988,2023375
57,1989,2023790
57,1990,2021046
57,1991,2023715
57,1992,2027087
57,1993,2031728
57,1994,2035199
57,1995,2038863
57,1996,2040538
57,1997,2045041
57,1998,2045855
57,1999,2047550
57,2000,2051056
57,2001,2054940
57,2002,2059297
57,2003,2062867
57,2004,2065293
57,2005,2069562
57,2006,2073578
57,2007,2078072
57,2008,2084487
57,2009,2089822
57,2010,2090158
57,2011,2090319
57,2012,2092963
57,2013,2093774
57,2014,2090337
57,2015,2089002
57,2016,2090573
57,2017,2087076
57,2018,2087081
57,2019,2093120
57,2020,2098345
57,2021,2099920
57,2022,2101478
57,2023,2102656
57,2024,2101870
57,2025,2100549
57,2026,2099532
58,1975,491370
58,1976,489798
58,1977,487878
58,1978,486573
58,1979,484613
58,1980,483117
58,1981,481662
58,1982,480080
58,1983,478133
58,1984,476614
58,1985,474979
58,1986,473270
58,1987,471840
58,1988,470319
58,1989,468667
58,1990,466936
58,1991,465378
58,1992,463499
58,1993,461549
58,1994,460330
58,1995,459192
58,1996,457175
58,1997,455285
58,1998,453592
58,1999,451010
58,2000,450149
58,2001,449180
58,2002,448320
58,2003,447253
58,2004,446143
58,2005,445466
58,2006,444483
58,2007,443019
58,2008,441349
58,2009,440441
58,2010,439211
58,2011,436725
58,2012,433617
58,2013,430489
58,2014,427187
58,2015,423545
58,2016,418375
58,2017,414417
58,2018,411712
58,2019,408962
58,2020,405400
58,2021,404894
58,2022,404658
58,2023,402894
58,2024,401698
58,2025,400439
58,2026,399059
59,1975,5023206
59,1976,5021972
59,1977,5020236
59,1978,5021974
59,1979,5019858
59,1980,5023028
59,1981,5031107
59,1982,5042014
59,1983,5065793
59,1984,5040824
59,1985,5031574
59,1986,5031673
59,1987,5039629
59,1988,5035217
59,1989,5047974
59,1990,5059010
59,1991,5063269
59,1992,5073707
59,1993,5082879
59,1994,5089977
59,1995,5097918
59,1996,5105484
59,1997,5107039
59,1998,5109907
59,1999,5110965
59,2000,5109299
59,2001,5111942
59,2002,5116450
59,2003,5119766
59,2004,5122100
59,2005,5127796
59,2006,5130538
59,2007,5129924
59,2008,5129941
59,2009,5143903
59,2010,5153563
59,2011,5158439
59,2012,5174280
59,2013,5191097
59,2014,5206970
59,2015,5210503
59,2016,5207474
59,2017,5208751
59,2018,5212497
59,2019,5216722
59,2020,5215523
59,2021,5222618
59,2022,5233850
59,2023,5231303
59,2024,5230075
59,2025,5227596
59,2026,5226624
60,1975,1211646
60,1976,1226035
60,1977,1240581
60,1978,1256227
60,1979,1270847
60,1980,1286791
60,1981,1303924
60,1982,1321775
60,1983,1341042
60,1984,1357457
60,1985,1371569
60,1986,1385605
60,1987,1399129
60,1988,1414558
60,1989,1431696
60,1990,1449192
60,1991,1464570
60,1992,1479302
60,1993,1492932
60,1994,1502743
60,1995,1511365
60,1996,1521847
60,1997,1528002
60,1998,1530242
60,1999,1532526
60,2000,1539716
60,2001,1547447
60,2002,1555245
60,2003,1562945
60,2004,1570035
60,2005,1578045
60,2006,1585972
60,2007,1593270
60,2008,1599472
60,2009,1603046
60,2010,1607212
60,2011,1611306
60,2012,1620623
60,2013,1630824
60,2014,1637385
60,2015,1643130
60,2016,1647111
60,2017,1649035
60,2018,1654335
60,2019,1658868
60,2020,1659429
60,2021,1657708
60,2022,1661482
60,2023,1659831
60,2024,1657835
60,2025,1655890
60,2026,1653604
61,1975,587672
61,1976,588124
61,1977,588134
61,1978,588867
61,1979,588995
61,1980,589371
61,1981,590323
61,1982,591154
61,1983,594055
61,1984,594338
61,1985,594964
61,1986,593163
61,1987,590391
61,1988,588610
61,1989,587911
61,1990,586416
61,1991,586350
61,1992,586657
61,1993,588202
61,1994,588782
61,1995,588567
61,1996,587064
61,1997,586860
61,1998,585857
61,1999,585094
61,2000,585149
61,2001,585771
61,2002,586172
61,2003,586352
61,2004,586140
61,2005,586247
61,2006,585795
61,2007,585255
61,2008,584601
61,2009,584457
61,2010,583321
61,2011,581820
61,2012,580069
61,2013,577736
61,2014,575542
61,2015,573280
61,2016,570662
61,2017,566790
61,2018,563235
61,2019,559934
61,2020,557001
61,2021,553998
61,2022,552341
61,2023,550455
61,2024,547971
61,2025,545310
61,2026,543154
62,1975,2809760
62,1976,2810904
62,1977,2810387
62,1978,2812773
62,1979,2812569
62,1980,2814603
62,1981,2818792
62,1982,2824930
62,1983,2840345
62,1984,2843136
62,1985,2846282
62,1986,2850642
62,1987,2856861
62,1988,2856293
62,1989,2852682
62,1990,2864438
62,1991,2867561
62,1992,2868729
62,1993,2872730
62,1994,2873634
62,1995,2874821
62,1996,2877625
62,1997,2882080
62,1998,2881016
62,1999,2884018
62,2000,2886479
62,2001,2890393
62,2002,2894755
62,2003,2897541
62,2004,2899047
62,2005,2903481
62,2006,2906801
62,2007,2913478
62,2008,2919088
62,2009,2922540
62,2010,2922800
62,2011,2925640
62,2012,2927283
62,2013,2930438
62,2014,2945207
62,2015,2945326
62,2016,2941481
62,2017,2936068
62,2018,2933519
62,2019,2930590
62,2020,2924369
62,2021,2922918
62,2022,2920404
62,2023,2915847
62,2024,2909936
62,2025,2903991
62,2026,2897900
63,1975,1160261
63,1976,1164211
63,1977,1167475
63,1978,1171423
63,1979,1175523
63,1980,1180067
63,1981,1185071
63,1982,1189750
63,1983,1191795
63,1984,1193740
63,1985,1194040
63,1986,1193436
63,1987,1191935
63,1988,1195975
63,1989,1196684
63,1990,1196646
63,1991,1196761
63,1992,1196721
63,1993,1198676
63,1994,1199010
63,1995,1200092
63,1996,1201707
63,1997,1203499
63,1998,1205734
63,1999,1208506
63,2000,1212962
63,2001,1218353
63,2002,1224065
63,2003,1229405
63,2004,1234925
63,2005,1241172
63,2006,1246956
63,2007,1253308
63,2008,1256999
63,2009,1258862
63,2010,1264652
63,2011,1270969
63,2012,1276216
63,2013,1282030
63,2014,1288466
63,2015,1295037
63,2016,1301436
63,2017,1307522
63,2018,1318134
63,2019,1324343
63,2020,1323744
63,2021,1324610
63,2022,1328811
63,2023,1328948
63,2024,1328764
63,2025,1328679
63,2026,1328608
64,1975,1070152
64,1976,1075148
64,1977,1080795
64,1978,1086977
64,1979,1092111
64,1980,1097858
64,1981,1104223
64,1982,1110756
64,1983,1119049
64,1984,1120744
64,1985,1124894
64,1986,1131164
64,1987,1137347
64,1988,1144955
64,1989,1150808
64,1990,1156182
64,1991,1161340
64,1992,1166729
64,1993,1170963
64,1994,1173620
64,1995,1176484
64,1996,1178151
64,1997,1183091
64,1998,1188524
64,1999,1199128
64,2000,1208532
64,2001,1219245
64,2002,1229735
64,2003,1240451
64,2004,1251373
64,2005,1262706
64,2006,1273733
64,2007,1286215
64,2008,1294876
64,2009,1300748
64,2010,1307066
64,2011,1313252
64,2012,1321779
64,2013,1328152
64,2014,1334537
64,2015,1340104
64,2016,1348013
64,2017,1354661
64,2018,1359663
64,2019,1365286
64,2020,1374525
64,2021,1386100
64,2022,1398992
64,2023,1413176
64,2024,1424037
64,2025,1434970
64,2026,1446205
65,1975,455042
65,1976,454730
65,1977,454530
65,1978,454635
65,1979,454449
65,1980,454499
65,1981,455131
65,1982,455744
65,1983,456802
65,1984,457569
65,1985,456881
65,1986,457357
65,1987,454096
65,1988,451564
65,1989,450803
65,1990,449869
65,1991,450084
65,1992,449679
65,1993,449385
65,1994,447702
65,1995,447907
65,1996,447155
65,1997,446254
65,1998,445565
65,1999,445300
65,2000,446636
65,2001,447898
65,2002,449353
65,2003,450861
65,2004,452303
65,2005,454206
65,2006,455512
65,2007,457228
65,2008,458198
65,2009,459380
65,2010,458957
65,2011,458497
65,2012,457750
65,2013,457780
65,2014,457945
65,2015,457211
65,2016,455706
65,2017,457109
65,2018,458432
65,2019,459185
65,2020,459628
65,2021,461964
65,2022,462958
65,2023,462752
65,2024,463621
65,2025,464187
65,2026,464702
66,1975,599437
66,1976,607485
66,1977,617787
66,1978,627898
66,1979,636590
66,1980,646202
66,1981,657073
66,1982,668386
66,1983,675686
66,1984,682372
66,1985,689603
66,1986,692172
66,1987,700679
66,1988,711493
66,1989,718960
66,1990,727564
66,1991,735286
66,1992,739351
66,1993,745469
66,1994,749746
66,1995,754630
66,1996,762417
66,1997,770266
66,1998,778142
66,1999,784807
66,2000,794205
66,2001,804131
66,2002,815903
66,2003,827953
66,2004,839680
66,2005,852056
66,2006,864264
66,2007,874353
66,2008,882813
66,2009,891819
66,2010,897126
66,2011,905100
66,2012,915627
66,2013,925453
66,2014,932698
66,2015,942122
66,2016,948785
66,2017,948954
66,2018,952764
66,2019,960009
66,2020,965581
66,2021,974665
66,2022,985980
66,2023,993765
66,2024,1002232
66,2025,1010653
66,2026,1018722
67,1975,1764371
67,1976,1772453
67,1977,1780243
67,1978,1789497
67,1979,1797799
67,1980,1807663
67,1981,1819484
67,1982,1831139
67,1983,1840792
67,1984,1849155
67,1985,1857897
67,1986,1867631
67,1987,1877077
67,1988,1884250
67,1989,1894848
67,1990,1904336
67,1991,1920660
67,1992,1937778
67,1993,1957240
67,1994,1974761
67,1995,1989885
67,1996,2005131
67,1997,2019720
67,1998,2033204
67,1999,2050088
67,2000,2065018
67,2001,2081065
67,2002,2096633
67,2003,2111803
67,2004,2126571
67,2005,2142343
67,2006,2158056
67,2007,2169704
67,2008,2182055
67,2009,2188903
67,2010,2191835
67,2011,2198563
67,2012,2209360
67,2013,2218946
67,2014,2225657
67,2015,2233344
67,2016,2242843
67,2017,2251149
67,2018,2267135
67,2019,2280146
67,2020,2296178
67,2021,2305357
67,2022,2313960
67,2023,2327656
67,2024,2335109
67,2025,2341942
67,2026,2348771
68,1975,1269845
68,1976,1273667
68,1977,1276985
68,1978,1281205
68,1979,1284528
68,1980,1289690
68,1981,1295418
68,1982,1300973
68,1983,1305570
68,1984,1309361
68,1985,1313816
68,1986,1318251
68,1987,1323151
68,1988,1331001
68,1989,1336942
68,1990,1341324
68,1991,1350240
68,1992,1358190
68,1993,1368735
68,1994,1376747
68,1995,1385108
68,1996,1393590
68,1997,1401883
68,1998,1406811
68,1999,1415134
68,2000,1422938
68,2001,1431138
68,2002,1439523
68,2003,1447395
68,2004,1455767
68,2005,1464509
68,2006,1472980
68,2007,1484842
68,2008,1492171
68,2009,1497255
68,2010,1499591
68,2011,1506139
68,2012,1510432
68,2013,1517475
68,2014,1520298
68,2015,1525245
68,2016,1525518
68,2017,1528093
68,2018,1529996
68,2019,1534207
68,2020,1535720
68,2021,1534203
68,2022,1535637
68,2023,1541514
68,2024,1541717
68,2025,1541586
68,2026,1542297
69,1975,2858112
69,1976,2859808
69,1977,2863094
69,1978,2867829
69,1979,2871189
69,1980,2876313
69,1981,2884395
69,1982,2893146
69,1983,2901077
69,1984,2909067
69,1985,2916161
69,1986,2926089
69,1987,2941533
69,1988,2962596
69,1989,2986730
69,1990,3014246
69,1991,3034878
69,1992,3060401
69,1993,3081973
69,1994,3092309
69,1995,3102986
69,1996,3112896
69,1997,3122641
69,1998,3132453
69,1999,3154213
69,2000,3177844
69,2001,3203968
69,2002,3230256
69,2003,3256326
69,2004,3281776
69,2005,3310447
69,2006,3339335
69,2007,3354171
69,2008,3381021
69,2009,3417367
69,2010,3450379
69,2011,3488498
69,2012,3525758
69,2013,3559717
69,2014,3603797
69,2015,3644018
69,2016,3671835
69,2017,3686669
69,2018,3719077
69,2019,3751524
69,2020,3766904
69,2021,3787414
69,2022,3815994
69,2023,3829366
69,2024,3844569
69,2025,3859073
69,2026,3874067
70,1975,444936
70,1976,447310
70,1977,449644
70,1978,452256
70,1979,454734
70,1980,457676
70,1981,460999
70,1982,464161
70,1983,464219
70,1984,464212
70,1985,464356
70,1986,464308
70,1987,462802
70,1988,461199
70,1989,460443
70,1990,458983
70,1991,457884
70,1992,457342
70,1993,457182
70,1994,457124
70,1995,458780
70,1996,458237
70,1997,458401
70,1998,458330
70,1999,459486
70,2000,460790
70,2001,462856
70,2002,464640
70,2003,466449
70,2004,468013
70,2005,469899
70,2006,471765
70,2007,474425
70,2008,477127
70,2009,478419
70,2010,479127
70,2011,479422
70,2012,479533
70,2013,477946
70,2014,476729
70,2015,475449
70,2016,474523
70,2017,473358
70,2018,472078
70,2019,470669
70,2020,469245
70,2021,468637
70,2022,467886
70,2023,466416
70,2024,465015
70,2025,463685
70,2026,462309
71,1975,1140462
71,1976,1140840
71,1977,1140798
71,1978,1141592
71,1979,1141515
71,1980,1142331
71,1981,1143608
71,1982,1144879
71,1983,1140976
71,1984,1137416
71,1985,1134343
71,1986,1130254
71,1987,1127200
71,1988,1126339
71,1989,1123099
71,1990,1118750
71,1991,1116852
71,1992,1115489
71,1993,1113214
71,1994,1110374
71,1995,1106795
71,1996,1103143
71,1997,1098764
71,1998,1094979
71,1999,1090921
71,2000,1091482
71,2001,1092660
71,2002,1094312
71,2003,1095101
71,2004,1095357
71,2005,1097371
71,2006,1098759
71,2007,1103721
71,2008,1107973
71,2009,1109478
71,2010,1111364
71,2011,1112036
71,2012,1110117
71,2013,1112485
71,2014,1111618
71,2015,1110860
71,2016,1110091
71,2017,1107237
71,2018,1104418
71,2019,1103035
71,2020,1102177
71,2021,1098627
71,2022,1098324
71,2023,1100672
71,2024,1099499
71,2025,1097742
71,2026,1095985
72,1975,980992
72,1976,985626
72,1977,989367
72,1978,993403
72,1979,997237
72,1980,1001027
72,1981,1005355
72,1982,1010026
72,1983,1011465
72,1984,1016145
72,1985,1019552
72,1986,1021989
72,1987,1025749
72,1988,1023788
72,1989,1025886
72,1990,1026587
72,1991,1029247
72,1992,1033332
72,1993,1037362
72,1994,1040958
72,1995,1044953
72,1996,1047979
72,1997,1052932
72,1998,1055404
72,1999,1059595
72,2000,1065561
72,2001,1072343
72,2002,1079472
72,2003,1086106
72,2004,1092572
72,2005,1100166
72,2006,1107000
72,2007,1113924
72,2008,1119206
72,2009,1122132
72,2010,1127068
72,2011,1131468
72,2012,1134797
72,2013,1138104
72,2014,1137556
72,2015,1136927
72,2016,1135160
72,2017,1133051
72,2018,1131966
72,2019,1132865
72,2020,1134028
72,2021,1132158
72,2022,1132301
72,2023,1133510
72,2024,1132523
72,2025,1130852
72,2026,1130112
73,1975,610143
73,1976,614731
73,1977,619563
73,1978,624973
73,1979,629710
73,1980,635082
73,1981,641083
73,1982,646930
73,1983,654086
73,1984,655697
73,1985,657250
73,1986,661277
73,1987,666813
73,1988,677522
73,1989,696744
73,1990,696201
73,1991,703335
73,1992,710585
73,1993,716992
73,1994,720630
73,1995,724705
73,1996,727999
73,1997,733843
73,1998,739820
73,1999,745530
73,2000,753058
73,2001,761489
73,2002,770225
73,2003,779115
73,2004,787763
73,2005,797119
73,2006,806208
73,2007,811098
73,2008,817712
73,2009,822042
73,2010,829946
73,2011,837927
73,2012,842240
73,2013,847461
73,2014,853880
73,2015,856441
73,2016,859396
73,2017,862384
73,2018,867484
73,2019,872905
73,2020,879537
73,2021,884974
73,2022,890615
73,2023,896493
73,2024,900878
73,2025,905729
73,2026,910347
74,1975,893794
74,1976,905549
74,1977,918519
74,1978,931817
74,1979,944311
74,1980,957627
74,1981,972019
74,1982,986796
74,1983,1008225
74,1984,1029997
74,1985,1043359
74,1986,1054595
74,1987,1066635
74,1988,1083076
74,1989,1097668
74,1990,1135488
74,1991,1155686
74,1992,1173585
74,1993,1191277
74,1994,1201187
74,1995,1214394
74,1996,1226954
74,1997,1239946
74,1998,1251729
74,1999,1261329
74,2000,1278389
74,2001,1297007
74,2002,1315472
74,2003,1334342
74,2004,1353532
74,2005,1373266
74,2006,1392532
74,2007,1413438
74,2008,1432577
74,2009,1451611
74,2010,1476199
74,2011,1494012
74,2012,1513026
74,2013,1539379
74,2014,1566280
74,2015,1587902
74,2016,1602859
74,2017,1614751
74,2018,1633427
74,2019,1652217
74,2020,1670442
74,2021,1682994
74,2022,1699196
74,2023,1722349
74,2024,1737459
74,2025,1752479
74,2026,1768394
75,1975,4618175
75,1976,4573123
75,1977,4534253
75,1978,4499315
75,1979,4459085
75,1980,4422340
75,1981,4390683
75,1982,4360668
75,1983,4356580
75,1984,4338023
75,1985,4331980
75,1986,4330812
75,1987,4328342
75,1988,4317488
75,1989,4312934
75,1990,4300317
75,1991,4291847
75,1992,4279879
75,1993,4264973
75,1994,4259735
75,1995,4241113
75,1996,4233047
75,1997,4221761
75,1998,4222653
75,1999,4247394
75,2000,4259484
75,2001,4274906
75,2002,4290966
75,2003,4309064
75,2004,4323885
75,2005,4344393
75,2006,4362763
75,2007,4386081
75,2008,4422615
75,2009,4468232
75,2010,4487688
75,2011,4499972
75,2012,4481264
75,2013,4459265
75,2014,4440914
75,2015,4413001
75,2016,4380679
75,2017,4375077
75,2018,4351228
75,2019,4330873
75,2020,4291839
75,2021,4266250
75,2022,4227438
75,2023,4207583
75,2024,4169817
75,2025,4131149
75,2026,4095232
76,1975,2345879
76,1976,2351317
76,1977,2355440
76,1978,2361366
76,1979,2365162
76,1980,2371382
76,1981,2379592
76,1982,2388755
76,1983,2394772
76,1984,2404408
76,1985,2411178
76,1986,2419790
76,1987,2429285
76,1988,2435915
76,1989,2441309
76,1990,2445030
76,1991,2454060
76,1992,2461958
76,1993,2468665
76,1994,2473571
76,1995,2478737
76,1996,2479898
76,1997,2478316
76,1998,2479593
76,1999,2479193
76,2000,2479906
76,2001,2481834
76,2002,2483802
76,2003,2484230
76,2004,2484823
76,2005,2486749
76,2006,2487695
76,2007,2489249
76,2008,2497187
76,2009,2500267
76,2010,2500850
76,2011,2502592
76,2012,2507891
76,2013,2509248
76,2014,2515871
76,2015,2515430
76,2016,2511543
76,2017,2508790
76,2018,2511801
76,2019,2511302
76,2020,2509515
76,2021,2511874
76,2022,2520448
76,2023,2521967
76,2024,2522694
76,2025,2523099
76,2026,2523705
77,1975,1506399
77,1976,1539271
77,1977,1576223
77,1978,1614337
77,1979,1649270
77,1980,1687242
77,1981,1727817
77,1982,1770180
77,1983,1808759
77,1984,1842199
77,1985,1887358
77,1986,1936414
77,1987,1986828
77,1988,2045340
77,1989,2096582
77,1990,2154428
77,1991,2190486
77,1992,2230460
77,1993,2262374
77,1994,2293996
77,1995,2318858
77,1996,2339671
77,1997,2352595
77,1998,2365103
77,1999,2383567
77,2000,2405155
77,2001,2428605
77,2002,2451578
77,2003,2475048
77,2004,2497748
77,2005,2522038
77,2006,2546994
77,2007,2579066
77,2008,2607422
77,2009,2626847
77,2010,2649749
77,2011,2676873
77,2012,2707912
77,2013,2730421
77,2014,2755714
77,2015,2780264
77,2016,2795353
77,2017,2808020
77,2018,2825057
77,2019,2842420
77,2020,2857298
77,2021,2876227
77,2022,2904825
77,2023,2936245
77,2024,2959440
77,2025,2981828
77,2026,3004218
78,1975,2156605
78,1976,2187183
78,1977,2218885
78,1978,2252973
78,1979,2285711
78,1980,2318621
78,1981,2353560
78,1982,2389222
78,1983,2412940
78,1984,2434859
78,1985,2462199
78,1986,2490767
78,1987,2522516
78,1988,2552768
78,1989,2581532
78,1990,2610166
78,1991,2629865
78,1992,2652385
78,1993,2667643
78,1994,2680552
78,1995,2690958
78,1996,2701095
78,1997,2706377
78,1998,2707464
78,1999,2707908
78,2000,2717650
78,2001,2730049
78,2002,2742233
78,2003,2754539
78,2004,2766310
78,2005,2778932
78,2006,2791629
78,2007,2807935
78,2008,2812128
78,2009,2815142
78,2010,2817552
78,2011,2827293
78,2012,2824736
78,2013,2836993
78,2014,2843366
78,2015,2854609
78,2016,2863644
78,2017,2876561
78,2018,2882825
78,2019,2896443
78,2020,2899476
78,2021,2912760
78,2022,2941586
78,2023,2970203
78,2024,2990277
78,2025,3009161
78,2026,3028869
79,1975,672107
79,1976,674240
79,1977,675934
79,1978,678158
79,1979,679795
79,1980,681643
79,1981,683834
79,1982,685983
79,1983,686834
79,1984,686685
79,1985,686885
79,1986,688021
79,1987,688420
79,1988,691052
79,1989,691423
79,1990,692083
79,1991,691632
79,1992,691692
79,1993,691099
79,1994,690393
79,1995,690544
79,1996,690543
79,1997,689553
79,1998,689182
79,1999,689006
79,2000,692899
79,2001,697233
79,2002,701633
79,2003,705975
79,2004,709863
79,2005,714673
79,2006,719457
79,2007,725923
79,2008,730153
79,2009,732713
79,2010,738575
79,2011,741913
79,2012,743202
79,2013,743301
79,2014,747144
79,2015,748910
79,2016,749527
79,2017,748744
79,2018,749641
79,2019,749800
79,2020,749006
79,2021,749219
79,2022,750876
79,2023,750505
79,2024,750457
79,2025,749728
79,2026,749625
80,1975,1077185
80,1976,1079015
80,1977,1080524
80,1978,1082520
80,1979,1083570
80,1980,1084596
80,1981,1086997
80,1982,1089578
80,1983,1092298
80,1984,1095499
80,1985,1094912
80,1986,1096334
80,1987,1094139
80,1988,1094761
80,1989,1095521
80,1990,1094994
80,1991,1096278
80,1992,1097794
80,1993,1100519
80,1994,1102343
80,1995,1104331
80,1996,1106102
80,1997,1107366
80,1998,1109216
80,1999,1111121
80,2000,1113687
80,2001,1116867
80,2002,1119867
80,2003,1121959
80,2004,1123904
80,2005,1126464
80,2006,1128665
80,2007,1131847
80,2008,1136199
80,2009,1139577
80,2010,1141509
80,2011,1142449
80,2012,1142337
80,2013,1143380
80,2014,1143295
80,2015,1143790
80,2016,1145521
80,2017,1144920
80,2018,1141359
80,2019,1141154
80,2020,1137533
80,2021,1132542
80,2022,1131118
80,2023,1130865
80,2024,1127824
80,2025,1124399
80,2026,1121563
81,1975,676672
81,1976,676638
81,1977,677075
81,1978,677615
81,1979,677627
81,1980,677916
81,1981,678671
81,1982,678986
81,1983,681101
81,1984,682266
81,1985,683641
81,1986,682420
81,1987,683765
81,1988,683954
81,1989,684994
81,1990,685925
81,1991,685124
81,1992,684562
81,1993,684839
81,1994,684654
81,1995,683782
81,1996,683917
81,1997,684270
81,1998,685297
81,1999,686927
81,2000,691758
81,2001,697840
81,2002,704284
81,2003,710526
81,2004,716830
81,2005,723904
81,2006,730710
81,2007,738417
81,2008,743515
81,2009,748075
81,2010,750797
81,2011,755390
81,2012,757934
81,2013,763895
81,2014,768991
81,2015,773130
81,2016,772941
81,2017,775827
81,2018,777239
81,2019,779736
81,2020,782181
81,2021,787194
81,2022,792386
81,2023,794755
81,2024,798299
81,2025,801545
81,2026,805112
82,1975,367231
82,1976,368927
82,1977,370915
82,1978,373140
82,1979,374766
82,1980,376632
82,1981,378829
82,1982,381134
82,1983,382819
82,1984,385928
82,1985,388275
82,1986,389822
82,1987,392286
82,1988,394983
82,1989,397661
82,1990,400622
82,1991,403258
82,1992,405893
82,1993,406523
82,1994,407742
82,1995,408570
82,1996,409319
82,1997,410451
82,1998,411074
82,1999,412094
82,2000,416878
82,2001,422304
82,2002,428466
82,2003,434620
82,2004,440667
82,2005,447499
82,2006,453733
82,2007,463560
82,2008,471864
82,2009,478616
82,2010,483430
82,2011,489124
82,2012,493977
82,2013,500720
82,2014,505193
82,2015,510586
82,2016,513833
82,2017,516739
82,2018,518289
82,2019,521380
82,2020,524674
82,2021,526797
82,2022,529891
82,2023,531679
82,2024,533284
82,2025,534377
82,2026,535856
83,1975,1251679
83,1976,1271239
83,1977,1294628
83,1978,1318312
83,1979,1339786
83,1980,1363421
83,1981,1389106
83,1982,1415074
83,1983,1438415
83,1984,1462422
83,1985,1489194
83,1986,1516447
83,1987,1542429
83,1988,1571628
83,1989,1599234
83,1990,1631459
83,1991,1651657
83,1992,1674364
83,1993,1693824
83,1994,1712639
83,1995,1728614
83,1996,1743044
83,1997,1765209
83,1998,1783231
83,1999,1795206
83,2000,1817826
83,2001,1842101
83,2002,1867241
83,2003,1892581
83,2004,1917527
83,2005,1944795
83,2006,1970235
83,2007,1991905
83,2008,2002854
83,2009,2014645
83,2010,2016406
83,2011,2025510
83,2012,2043379
83,2013,2057208
83,2014,2076468
83,2015,2097349
83,2016,2111688
83,2017,2117529
83,2018,2135443
83,2019,2153472
83,2020,2170429
83,2021,2190725
83,2022,2216779
83,2023,2238668
83,2024,2258455
83,2025,2278154
83,2026,2297325
84,1975,780545
84,1976,789898
84,1977,800064
84,1978,810220
84,1979,819902
84,1980,830608
84,1981,842360
84,1982,853793
84,1983,859704
84,1984,869526
84,1985,881563
84,1986,892610
84,1987,902758
84,1988,911609
84,1989,922027
84,1990,933845
84,1991,944528
84,1992,950504
84,1993,957712
84,1994,964793
84,1995,972419
84,1996,978688
84,1997,985988
84,1998,993925
84,1999,998671
84,2000,1007595
84,2001,1017024
84,2002,1026582
84,2003,1036670
84,2004,1046826
84,2005,1058100
84,2006,1068612
84,2007,1076313
84,2008,1077835
84,2009,1080162
84,2010,1086242
84,2011,1093293
84,2012,1092662
84,2013,1099932
84,2014,1108784
84,2015,1115133
84,2016,1118066
84,2017,1118998
84,2018,1119626
84,2019,1122979
84,2020,1123924
84,2021,1129175
84,2022,1137448
84,2023,1144158
84,2024,1149092
84,2025,1153943
84,2026,1158895
85,1975,901220
85,1976,909852
85,1977,918518
85,1978,927603
85,1979,936441
85,1980,945479
85,1981,955125
85,1982,965067
85,1983,974006
85,1984,983066
85,1985,989407
85,1986,995646
85,1987,1002404
85,1988,1005331
85,1989,1011629
85,1990,1017952
85,1991,1025527
85,1992,1031269
85,1993,1037978
85,1994,1045056
85,1995,1050531
85,1996,1056720
85,1997,1063026
85,1998,1070677
85,1999,1078211
85,2000,1092702
85,2001,1108210
85,2002,1124478
85,2003,1141336
85,2004,1157983
85,2005,1176237
85,2006,1194405
85,2007,1214894
85,2008,1233846
85,2009,1252857
85,2010,1269591
85,2011,1283349
85,2012,1297838
85,2013,1311049
85,2014,1324283
85,2015,1333469
85,2016,1341236
85,2017,1350539
85,2018,1360027
85,2019,1370931
85,2020,1385458
85,2021,1398967
85,2022,1412736
85,2023,1427271
85,2024,1438890
85,2025,1449813
85,2026,1460998
86,1975,714929
86,1976,718780
86,1977,722256
86,1978,726436
86,1979,729997
86,1980,733783
86,1981,738504
86,1982,742853
86,1983,745392
86,1984,747005
86,1985,749243
86,1986,751549
86,1987,753439
86,1988,756372
86,1989,758308
86,1990,759955
86,1991,763751
86,1992,768195
86,1993,772227
86,1994,776369
86,1995,783786
86,1996,787720
86,1997,791722
86,1998,795913
86,1999,798035
86,2000,802917
86,2001,807947
86,2002,813696
86,2003,819494
86,2004,824664
86,2005,830906
86,2006,836952
86,2007,843813
86,2008,848739
86,2009,852164
86,2010,854418
86,2011,856926
86,2012,860069
86,2013,862530
86,2014,866441
86,2015,869810
86,2016,872176
86,2017,873791
86,2018,875212
86,2019,876910
86,2020,878705
86,2021,878812
86,2022,877418
86,2023,877838
86,2024,876356
86,2025,874629
86,2026,873103
87,1975,704944
87,1976,705540
87,1977,706666
87,1978,707635
87,1979,708259
87,1980,708949
87,1981,710334
87,1982,711409
87,1983,714045
87,1984,716640
87,1985,716067
87,1986,714385
87,1987,711896
87,1988,708966
87,1989,708427
87,1990,707681
87,1991,707669
87,1992,708695
87,1993,708870
87,1994,709522
87,1995,709070
87,1996,708865
87,1997,708883
87,1998,707918
87,1999,708146
87,2000,710666
87,2001,714304
87,2002,718012
87,2003,721534
87,2004,725081
87,2005,729795
87,2006,734348
87,2007,742240
87,2008,747916
87,2009,749734
87,2010,752418
87,2011,752152
87,2012,751775
87,2013,751750
87,2014,752438
87,2015,751631
87,2016,749999
87,2017,748896
87,2018,746443
87,2019,744764
87,2020,744293
87,2021,743430
87,2022,744925
87,2023,746383
87,2024,746326
87,2025,745639
87,2026,744793
88,1975,796824
88,1976,795823
88,1977,795019
88,1978,794599
88,1979,793323
88,1980,792710
88,1981,792953
88,1982,793092
88,1983,789851
88,1984,787616
88,1985,783340
88,1986,783202
88,1987,778889
88,1988,778757
88,1989,776137
88,1990,772282
88,1991,770156
88,1992,769563
88,1993,768945
88,1994,768592
88,1995,767842
88,1996,767431
88,1997,765927
88,1998,763612
88,1999,762338
88,2000,762085
88,2001,761943
88,2002,761789
88,2003,761310
88,2004,760816
88,2005,760564
88,2006,759982
88,2007,760640
88,2008,760322
88,2009,760416
88,2010,759480
88,2011,757692
88,2012,754598
88,2013,750487
88,2014,747157
88,2015,744071
88,2016,739322
88,2017,735387
88,2018,732268
88,2019,729043
88,2020,724840
88,2021,721393
88,2022,717448
88,2023,714544
88,2024,711016
88,2025,707063
88,2026,703639
89,1975,599901
89,1976,602633
89,1977,605461
89,1978,608741
89,1979,611301
89,1980,614297
89,1981,618226
89,1982,622038
89,1983,625383
89,1984,627660
89,1985,631085
89,1986,634267
89,1987,637453
89,1988,639592
89,1989,642768
89,1990,646268
89,1991,649279
89,1992,652517
89,1993,655511
89,1994,657847
89,1995,659602
89,1996,661494
89,1997,663428
89,1998,665581
89,1999,666447
89,2000,668087
89,2001,670147
89,2002,671961
89,2003,674094
89,2004,675484
89,2005,678002
89,2006,680212
89,2007,682871
89,2008,684753
89,2009,686789
89,2010,685055
89,2011,684961
89,2012,683841
89,2013,683004
89,2014,683667
89,2015,681847
89,2016,681130
89,2017,676625
89,2018,675053
89,2019,671460
89,2020,668359
89,2021,666817
89,2022,667840
89,2023,664583
89,2024,662902
89,2025,661311
89,2026,659680
90,1975,256581
90,1976,257443
90,1977,258447
90,1978,259713
90,1979,260545
90,1980,261566
90,1981,262933
90,1982,264304
90,1983,265086
90,1984,265923
90,1985,266959
90,1986,265895
90,1987,265617
90,1988,267438
90,1989,267936
90,1990,267977
90,1991,268899
90,1992,269805
90,1993,271042
90,1994,272302
90,1995,273206
90,1996,273973
90,1997,274334
90,1998,274492
90,1999,274818
90,2000,275821
90,2001,277051
90,2002,278093
90,2003,279126
90,2004,280340
90,2005,281370
90,2006,282428
90,2007,284914
90,2008,283942
90,2009,284949
90,2010,285848
90,2011,286723
90,2012,287908
90,2013,288664
90,2014,288698
90,2015,288997
90,2016,288210
90,2017,285277
90,2018,283739
90,2019,282672
90,2020,280277
90,2021,279345
90,2022,280201
90,2023,280547
90,2024,280387
90,2025,280261
90,2026,280212
91,1975,1837169
91,1976,1856153
91,1977,1875001
91,1978,1895553
91,1979,1913895
91,1980,1933633
91,1981,1954585
91,1982,1974756
91,1983,1990755
91,1984,2008111
91,1985,2029535
91,1986,2052759
91,1987,2076813
91,1988,2114197
91,1989,2139608
91,1990,2166504
91,1991,2187330
91,1992,2211962
91,1993,2230815
91,1994,2244221
91,1995,2255309
91,1996,2262814
91,1997,2263044
91,1998,2267323
91,1999,2267689
91,2000,2284680
91,2001,2303060
91,2002,2321348
91,2003,2339099
91,2004,2356447
91,2005,2376722
91,2006,2396566
91,2007,2404008
91,2008,2411721
91,2009,2416029
91,2010,2430701
91,2011,2450404
91,2012,2475036
91,2013,2507885
91,2014,2536480
91,2015,2552490
91,2016,2574685
91,2017,2592287
91,2018,2593308
91,2019,2603345
91,2020,2612263
91,2021,2627563
91,2022,2649119
91,2023,2676998
91,2024,2694994
91,2025,2712256
91,2026,2729710
92,1975,2880131
92,1976,2861071
92,1977,2846147
92,1978,2832505
92,1979,2815520
92,1980,2801114
92,1981,2789392
92,1982,2778825
92,1983,2771701
92,1984,2769368
92,1985,2772508
92,1986,2774700
92,1987,2776977
92,1988,2778783
92,1989,2781973
92,1990,2778852
92,1991,2784758
92,1992,2789840
92,1993,2790942
92,1994,2798335
92,1995,2806183
92,1996,2813919
92,1997,2824605
92,1998,2838242
92,1999,2855798
92,2000,2884196
92,2001,2915498
92,2002,2946182
92,2003,2977232
92,2004,3007158
92,2005,3040234
92,2006,3072222
92,2007,3088843
92,2008,3099259
92,2009,3123512
92,2010,3145002
92,2011,3163278
92,2012,3172890
92,2013,3182829
92,2014,3195563
92,2015,3203162
92,2016,3206560
92,2017,3218638
92,2018,3238265
92,2019,3248739
92,2020,3252452
92,2021,3270608
92,2022,3294896
92,2023,3309451
92,2024,3322957
92,2025,3336577
92,2026,3351836
93,1975,2642946
93,1976,2639410
93,1977,2638260
93,1978,2639528
93,1979,2638352
93,1980,2639136
93,1981,2643646
93,1982,2649701
93,1983,2663448
93,1984,2666734
93,1985,2680564
93,1986,2695326
93,1987,2720318
93,1988,2730758
93,1989,2745551
93,1990,2757167
93,1991,2761921
93,1992,2769831
93,1993,2774869
93,1994,2779590
93,1995,2779968
93,1996,2779352
93,1997,2777625
93,1998,2772063
93,1999,2766655
93,2000,2793902
93,2001,2823596
93,2002,2854426
93,2003,2885876
93,2004,2916180
93,2005,2949858
93,2006,2983958
93,2007,3004698
93,2008,3012950
93,2009,3031984
93,2010,3044114
93,2011,3059874
93,2012,3077470
93,2013,3104982
93,2014,3142075
93,2015,3185345
93,2016,3213339
93,2017,3246244
93,2018,3265374
93,2019,3289827
93,2020,3310865
93,2021,3337361
93,2022,3363472
93,2023,3408656
93,2024,3436552
93,2025,3463601
93,2026,3491339
94,1975,2429442
94,1976,2420808
94,1977,2414444
94,1978,2409338
94,1979,2401346
94,1980,2395078
94,1981,2390628
94,1982,2386796
94,1983,2396365
94,1984,2398177
94,1985,2397630
94,1986,2401485
94,1987,2407485
94,1988,2416611
94,1989,2423988
94,1990,2426910
94,1991,2430326
94,1992,2436918
94,1993,2442335
94,1994,2444447
94,1995,2443855
94,1996,2442310
94,1997,2444878
94,1998,2450966
94,1999,2454081
94,2000,2472907
94,2001,2493469
94,2002,2513051
94,2003,2533401
94,2004,2552335
94,2005,2574721
94,2006,2596701
94,2007,2605799
94,2008,2621773
94,2009,2637095
94,2010,2655485
94,2011,2667426
94,2012,2683684
94,2013,2708033
94,2014,2730101
94,2015,2744802
94,2016,2756326
94,2017,2775878
94,2018,2793851
94,2019,2814273
94,2020,2815970
94,2021,2830760
94,2022,2839088
94,2023,2853886
94,2024,2861957
94,2025,2869778
94,2026,2878031
95,1975,1676606
95,1976,1698083
95,1977,1719397
95,1978,1743065
95,1979,1764745
95,1980,1787535
95,1981,1813169
95,1982,1839222
95,1983,1863592
95,1984,1887639
95,1985,1916073
95,1986,1949245
95,1987,1986869
95,1988,2025300
95,1989,2059464
95,1990,2095120
95,1991,2114714
95,1992,2135412
95,1993,2153015
95,1994,2165711
95,1995,2181847
95,1996,2195634
95,1997,2200116
95,1998,2201580
95,1999,2209083
95,2000,2222161
95,2001,2236619
95,2002,2251497
95,2003,2266045
95,2004,2280673
95,2005,2297546
95,2006,2314122
95,2007,2321460
95,2008,2330812
95,2009,2337802
95,2010,2342341
95,2011,2360749
95,2012,2374181
95,2013,2389382
95,2014,2411099
95,2015,2430801
95,2016,2443868
95,2017,2457260
95,2018,2477185
95,2019,2499372
95,2020,2503633
95,2021,2513239
95,2022,2541715
95,2023,2563333
95,2024,2579308
95,2025,2594447
95,2026,2610000
971,1990,703703
971,1991,709087
971,1992,714979
971,1993,721377
971,1994,728296
971,1995,735750
971,1996,743762
971,1997,752344
971,1998,761493
971,1999,771236
971,2000,776108
971,2001,781363
971,2002,786068
971,2003,789782
971,2004,794004
971,2005,798377
971,2006,801493
971,2007,801190
971,2008,803590
971,2009,803131
971,2010,806734
971,2011,809295
971,2012,806654
971,2013,804265
971,2014,800400
971,2015,796009
971,2016,788250
971,2017,780537
971,2018,775292
971,2019,768513
971,2020,767155
971,2021,768668
971,2022,767177
971,2023,768360
971,2024,767821
971,2025,766419
971,2026,765219
972,1990,716829
972,1991,719565
972,1992,722858
972,1993,726706
972,1994,731126
972,1995,736109
972,1996,741655
972,1997,747766
972,1998,754462
972,1999,761746
972,2000,767171
972,2001,773105
972,2002,778626
972,2003,783374
972,2004,787727
972,2005,791987
972,2006,795488
972,2007,795484
972,2008,795411
972,2009,792833
972,2010,788372
972,2011,784609
972,2012,776756
972,2013,771131
972,2014,767853
972,2015,761786
972,2016,752993
972,2017,745221
972,2018,737602
972,2019,729054
972,2020,722489
972,2021,721538
972,2022,722080
972,2023,721303
972,2024,720500
972,2025,718886
972,2026,717686
973,1990,226709
973,1991,234661
973,1992,242945
973,1993,251579
973,1994,260571
973,1995,269943
973,1996,279703
973,1997,289881
973,1998,300491
973,1999,311527
973,2000,324043
973,2001,337236
973,2002,353284
973,2003,369592
973,2004,386342
973,2005,398420
973,2006,411915
973,2007,426069
973,2008,438539
973,2009,448946
973,2010,458088
973,2011,475106
973,2012,479304
973,2013,488245
973,2014,504685
973,2015,519739
973,2016,538713
973,2017,537415
973,2018,552267
973,2019,563367
973,2020,570278
973,2021,573248
973,2022,576777
973,2023,588008
973,2024,592316
973,2025,594925
973,2026,597124
974,1991,1215684
974,1992,1240676
974,1993,1266071
974,1994,1290197
974,1995,1314335
974,1996,1337841
974,1997,1360381
974,1998,1384379
974,1999,1407652
974,2000,1432640
974,2001,1458032
974,2002,1480427
974,2003,1501693
974,2004,1523273
974,2005,1545827
974,2006,1563938
974,2007,1588228
974,2008,1616514
974,2009,1632742
974,2010,1642286
974,2011,1657177
974,2012,1667904
974,2013,1670222
974,2014,1685551
974,2015,1701471
974,2016,1705866
974,2017,1707338
974,2018,1711942
974,2019,1722441
974,2020,1726188
974,2021,1742337
974,2022,1762720
974,2023,1779385
974,2024,1795253
974,2025,1808388
974,2026,1822001
976,2014,447432
976,2015,464384
976,2016,481980
976,2017,500292
976,2018,519248
976,2019,539164
976,2020,559398
976,2021,578084
976,2022,599274
976,2023,621140
976,2024,641298
976,2025,658422
976,2026,676428
